timestamp,/sys/class/thermal/thermal_zone0/temp,/sys/devices/system/cpu/cpu0/cpufreq/cpuinfo_cur_freq,/sys/devices/platform/cpu-throttle-alert/thermal_trip_event,/sys/class/thermal/thermal_zone1/temp,/sys/class/devfreq/17000000.gpu/cur_freq,/sys/devices/platform/gpu-throttle-alert/thermal_trip_event
2025-09-29T14:14:53+09:00,47343,1267200,0,43531,1300500000,0
2025-09-29T14:15:03+09:00,47906,1420800,0,42968,306000000,0
2025-09-29T14:15:13+09:00,47125,729600,0,43187,306000000,0
2025-09-29T14:15:23+09:00,47281,2201600,0,43125,306000000,0
2025-09-29T14:15:33+09:00,46937,1186000,0,42968,306000000,0
2025-09-29T14:15:43+09:00,47062,729600,0,43343,306000000,0
2025-09-29T14:15:53+09:00,47156,729600,0,43375,306000000,0
2025-09-29T14:16:03+09:00,47312,1420800,0,43437,306000000,0
2025-09-29T14:16:13+09:00,47062,729600,0,43187,306000000,0
2025-09-29T14:16:23+09:00,47250,729600,0,43125,306000000,0
2025-09-29T14:16:33+09:00,47250,1420800,0,43187,306000000,0
2025-09-29T14:16:43+09:00,47156,729600,0,43218,306000000,0
2025-09-29T14:16:53+09:00,47093,1344000,0,43375,306000000,0
2025-09-29T14:17:03+09:00,47250,1116000,0,43437,306000000,0
2025-09-29T14:17:13+09:00,47343,1420800,0,43437,306000000,0
2025-09-29T14:17:23+09:00,48468,1420800,0,43375,306000000,0
2025-09-29T14:17:33+09:00,47968,1420800,0,43906,306000000,0
2025-09-29T14:17:43+09:00,48125,729600,0,45000,1300500000,0
2025-09-29T14:17:53+09:00,48406,729600,0,45437,1300500000,0
2025-09-29T14:18:03+09:00,48562,1420800,0,45593,1300500000,0
2025-09-29T14:18:13+09:00,48781,1420800,0,45656,1300500000,0
2025-09-29T14:18:23+09:00,48562,1420800,0,45687,1300500000,0
2025-09-29T14:18:33+09:00,48687,1420800,0,45750,1300500000,0
2025-09-29T14:18:43+09:00,48875,729600,0,45875,1300500000,0
2025-09-29T14:18:53+09:00,48906,729600,0,45937,1300500000,0
2025-09-29T14:19:04+09:00,49156,1420800,0,46000,1300500000,0
2025-09-29T14:19:14+09:00,49156,729600,0,46343,1300500000,0
2025-09-29T14:19:24+09:00,49406,1420800,0,46656,1300500000,0
2025-09-29T14:19:34+09:00,49562,1420800,0,46312,1300500000,0
2025-09-29T14:19:44+09:00,49250,729600,0,46750,1300500000,0
2025-09-29T14:19:54+09:00,49406,1420800,0,46687,1300500000,0
2025-09-29T14:20:04+09:00,49531,729600,0,46812,1300500000,0
2025-09-29T14:20:14+09:00,49656,1420800,0,46875,1300500000,0
2025-09-29T14:20:24+09:00,49781,729600,0,46843,1300500000,0
2025-09-29T14:20:34+09:00,49812,729600,0,46875,1300500000,0
2025-09-29T14:20:44+09:00,49875,1420800,0,47093,1300500000,0
2025-09-29T14:20:54+09:00,50062,1420800,0,47187,1300500000,0
2025-09-29T14:21:04+09:00,50031,1420800,0,47187,1300500000,0
2025-09-29T14:21:14+09:00,50125,1420800,0,47281,1300500000,0
2025-09-29T14:21:24+09:00,50093,1420800,0,47250,1300500000,0
2025-09-29T14:21:34+09:00,50250,1420800,0,47375,1300500000,0
2025-09-29T14:21:44+09:00,50281,1420800,0,47531,1300500000,0
2025-09-29T14:21:54+09:00,50593,1420800,0,47593,1300500000,0
2025-09-29T14:22:04+09:00,50593,1420800,0,47625,1300500000,0
2025-09-29T14:22:14+09:00,50625,729600,0,47593,1300500000,0
2025-09-29T14:22:24+09:00,50906,1420800,0,47843,1300500000,0
2025-09-29T14:22:34+09:00,50968,1420800,0,47812,1300500000,0
2025-09-29T14:22:44+09:00,51031,1420800,0,47781,1300500000,0
2025-09-29T14:22:54+09:00,50781,729600,0,47875,1300500000,0
2025-09-29T14:23:04+09:00,50843,1420800,0,47906,1300500000,0
2025-09-29T14:23:14+09:00,50906,729600,0,47875,1300500000,0
2025-09-29T14:23:24+09:00,51031,1420800,0,48250,1300500000,0
2025-09-29T14:23:34+09:00,51062,1420800,0,48343,1300500000,0
2025-09-29T14:23:44+09:00,51281,1420800,0,48187,1300500000,0
2025-09-29T14:23:54+09:00,51468,729600,0,48187,1300500000,0
2025-09-29T14:24:04+09:00,51187,1420800,0,48281,1300500000,0
2025-09-29T14:24:14+09:00,51437,1420800,0,48406,1300500000,0
2025-09-29T14:24:24+09:00,51656,1420800,0,48562,1300500000,0
2025-09-29T14:24:34+09:00,51750,729600,0,48625,1300500000,0
2025-09-29T14:24:44+09:00,51562,1420800,0,48906,1300500000,0
2025-09-29T14:24:54+09:00,51593,1420800,0,48906,1300500000,0
2025-09-29T14:25:04+09:00,51906,729600,0,48781,1300500000,0
2025-09-29T14:25:14+09:00,51687,729600,0,48843,1300500000,0
2025-09-29T14:25:24+09:00,51843,729600,0,49062,1300500000,0
2025-09-29T14:25:34+09:00,51937,729600,0,49250,1300500000,0
2025-09-29T14:25:44+09:00,52062,729600,0,49312,1300500000,0
2025-09-29T14:25:54+09:00,52125,729600,0,49406,1300500000,0
2025-09-29T14:26:04+09:00,52343,1420800,0,49187,1300500000,0
2025-09-29T14:26:14+09:00,52250,729600,0,49218,1300500000,0
2025-09-29T14:26:24+09:00,52343,729600,0,49250,1300500000,0
2025-09-29T14:26:34+09:00,52500,729600,0,49281,1300500000,0
2025-09-29T14:26:44+09:00,52531,729600,0,49375,1300500000,0
2025-09-29T14:26:54+09:00,52656,1420800,0,49468,1300500000,0
2025-09-29T14:27:04+09:00,52562,729600,0,49562,1300500000,0
2025-09-29T14:27:14+09:00,52781,729600,0,49812,1300500000,0
2025-09-29T14:27:24+09:00,52687,1420800,0,49718,1300500000,0
2025-09-29T14:27:34+09:00,52750,729600,0,49718,1300500000,0
2025-09-29T14:27:44+09:00,52812,729600,0,49937,1300500000,0
2025-09-29T14:27:54+09:00,53031,729600,0,49843,1300500000,0
2025-09-29T14:28:04+09:00,53093,729600,0,49875,1300500000,0
2025-09-29T14:28:14+09:00,53375,1420800,0,49937,1300500000,0
2025-09-29T14:28:24+09:00,53093,729600,0,50031,1300500000,0
2025-09-29T14:28:34+09:00,53343,729600,0,50218,1300500000,0
2025-09-29T14:28:44+09:00,53437,729600,0,50312,1300500000,0
2025-09-29T14:28:54+09:00,53500,729600,0,50375,1300500000,0
2025-09-29T14:29:04+09:00,53375,729600,0,50281,1300500000,0
2025-09-29T14:29:14+09:00,53437,729600,0,50750,1300500000,0
2025-09-29T14:29:24+09:00,53656,1420800,0,50875,1300500000,0
2025-09-29T14:29:34+09:00,53500,1420800,0,50812,1300500000,0
2025-09-29T14:29:44+09:00,53750,729600,0,50812,1300500000,0
2025-09-29T14:29:54+09:00,53718,1420800,0,50625,1300500000,0
2025-09-29T14:30:04+09:00,53968,729600,0,50718,1300500000,0
2025-09-29T14:30:14+09:00,53781,729600,0,50968,1300500000,0
2025-09-29T14:30:24+09:00,53906,1420800,0,50718,1300500000,0
2025-09-29T14:30:35+09:00,53843,1420800,0,50843,1300500000,0
2025-09-29T14:30:45+09:00,53968,1420800,0,50781,1300500000,0
2025-09-29T14:30:55+09:00,54031,729600,0,50875,1300500000,0
2025-09-29T14:31:05+09:00,54093,1420800,0,50937,1300500000,0
2025-09-29T14:31:15+09:00,54062,729600,0,51187,1300500000,0
2025-09-29T14:31:25+09:00,54187,729600,0,51250,1300500000,0
2025-09-29T14:31:35+09:00,54343,1420800,0,51375,1300500000,0
2025-09-29T14:31:45+09:00,54593,729600,0,51468,1300500000,0
2025-09-29T14:31:55+09:00,54593,1420800,0,51531,1300500000,0
2025-09-29T14:32:05+09:00,54750,729600,0,51500,1300500000,0
2025-09-29T14:32:15+09:00,54562,729600,0,51625,1300500000,0
2025-09-29T14:32:25+09:00,54562,729600,0,51687,1300500000,0
2025-09-29T14:32:35+09:00,54718,1420800,0,51718,1300500000,0
2025-09-29T14:32:45+09:00,54750,1420800,0,51781,1300500000,0
2025-09-29T14:32:55+09:00,54906,1420800,0,51812,1300500000,0
2025-09-29T14:33:05+09:00,54968,860000,0,51718,1300500000,0
2025-09-29T14:33:15+09:00,54968,729600,0,51843,1300500000,0
2025-09-29T14:33:25+09:00,54968,1420800,0,52000,1300500000,0
2025-09-29T14:33:35+09:00,55156,895000,0,52156,1300500000,0
2025-09-29T14:33:45+09:00,55093,1420800,0,52093,1300500000,0
2025-09-29T14:33:55+09:00,55281,1420800,0,52218,1300500000,0
2025-09-29T14:34:05+09:00,55281,1420800,0,52218,1300500000,0
2025-09-29T14:34:15+09:00,55437,1420800,0,52343,1300500000,0
2025-09-29T14:34:25+09:00,55562,1420800,0,52343,1300500000,0
2025-09-29T14:34:35+09:00,55718,1420800,0,52375,1300500000,0
2025-09-29T14:34:45+09:00,55468,729600,0,52468,1300500000,0
2025-09-29T14:34:55+09:00,55500,1420800,0,52593,1300500000,0
2025-09-29T14:35:05+09:00,55593,1420800,0,52593,1300500000,0
2025-09-29T14:35:15+09:00,55750,1420800,0,52656,1300500000,0
2025-09-29T14:35:25+09:00,55875,1420800,0,52656,1300500000,0
2025-09-29T14:35:35+09:00,55937,846000,0,52750,1300500000,0
2025-09-29T14:35:45+09:00,56125,729600,0,52812,1300500000,0
2025-09-29T14:35:55+09:00,55906,862000,0,52843,1300500000,0
2025-09-29T14:36:05+09:00,55937,1420800,0,52937,1300500000,0
2025-09-29T14:36:15+09:00,56062,729600,0,52875,1300500000,0
2025-09-29T14:36:25+09:00,56156,729600,0,53000,1300500000,0
2025-09-29T14:36:35+09:00,56375,1420800,0,53093,1300500000,0
2025-09-29T14:36:45+09:00,56500,1420800,0,53250,1300500000,0
2025-09-29T14:36:55+09:00,56531,1420800,0,53218,1300500000,0
2025-09-29T14:37:05+09:00,56656,1420800,0,53250,1300500000,0
2025-09-29T14:37:15+09:00,56312,1420800,0,53281,1300500000,0
2025-09-29T14:37:25+09:00,56468,1420800,0,53343,1300500000,0
2025-09-29T14:37:35+09:00,56625,1420800,0,53406,1300500000,0
2025-09-29T14:37:45+09:00,56656,1420800,0,53406,1300500000,0
2025-09-29T14:37:55+09:00,56718,1420800,0,53500,1300500000,0
2025-09-29T14:38:05+09:00,56906,1020000,0,53531,1300500000,0
2025-09-29T14:38:15+09:00,57000,1420800,0,53625,1300500000,0
2025-09-29T14:38:25+09:00,56750,729600,0,54125,1300500000,0
2025-09-29T14:38:35+09:00,56875,1420800,0,54187,1300500000,0
2025-09-29T14:38:45+09:00,56906,729600,0,54187,1300500000,0
2025-09-29T14:38:55+09:00,57062,729600,0,54250,1300500000,0
2025-09-29T14:39:05+09:00,57125,1420800,0,54031,1300500000,0
2025-09-29T14:39:15+09:00,57343,729600,0,54093,1300500000,0
2025-09-29T14:39:25+09:00,57187,1420800,0,54406,1300500000,0
2025-09-29T14:39:35+09:00,57375,1420800,0,54437,1300500000,0
2025-09-29T14:39:45+09:00,57437,1420800,0,54187,1300500000,0
2025-09-29T14:39:55+09:00,57593,729600,0,54312,1300500000,0
2025-09-29T14:40:05+09:00,57562,729600,0,54312,1300500000,0
2025-09-29T14:40:15+09:00,57593,729600,0,54656,1300500000,0
2025-09-29T14:40:25+09:00,57625,1420800,0,54468,1300500000,0
2025-09-29T14:40:35+09:00,57718,1420800,0,54562,1300500000,0
2025-09-29T14:40:45+09:00,57687,729600,0,54593,1300500000,0
2025-09-29T14:40:55+09:00,57875,1420800,0,54812,1300500000,0
2025-09-29T14:41:05+09:00,57906,1420800,0,54875,1300500000,0
2025-09-29T14:41:15+09:00,57968,1420800,0,54875,1300500000,0
2025-09-29T14:41:25+09:00,57812,729600,0,55000,1300500000,0
2025-09-29T14:41:35+09:00,57875,729600,0,55031,1300500000,0
2025-09-29T14:41:45+09:00,58125,1420800,0,54875,1300500000,0
2025-09-29T14:41:55+09:00,58375,1420800,0,55093,1300500000,0
2025-09-29T14:42:05+09:00,58187,729600,0,55093,1300500000,0
2025-09-29T14:42:15+09:00,58093,1420800,0,55000,1300500000,0
2025-09-29T14:42:26+09:00,58437,1420800,0,55093,1300500000,0
2025-09-29T14:42:36+09:00,58375,1420800,0,55187,1300500000,0
2025-09-29T14:42:46+09:00,58500,729600,0,55125,1300500000,0
2025-09-29T14:42:56+09:00,58562,729600,0,55406,1300500000,0
2025-09-29T14:43:06+09:00,58531,729600,0,55250,1300500000,0
2025-09-29T14:43:16+09:00,58593,729600,0,55375,1300500000,0
2025-09-29T14:43:26+09:00,58843,1420800,0,55812,1300500000,0
2025-09-29T14:43:36+09:00,58718,729600,0,55687,1300500000,0
2025-09-29T14:43:46+09:00,58781,729600,0,55531,1300500000,0
2025-09-29T14:43:56+09:00,58843,2201600,0,55656,1300500000,0
2025-09-29T14:44:06+09:00,58812,1420800,0,55750,1300500000,0
2025-09-29T14:44:16+09:00,58906,1420800,0,55875,1300500000,0
2025-09-29T14:44:26+09:00,59000,1420800,0,55718,1300500000,0
2025-09-29T14:44:36+09:00,59093,1420800,0,55781,1300500000,0
2025-09-29T14:44:46+09:00,59187,1420800,0,56000,1300500000,0
2025-09-29T14:44:56+09:00,59062,1420800,0,56062,1300500000,0
2025-09-29T14:45:06+09:00,59312,729600,0,56062,1300500000,0
2025-09-29T14:45:16+09:00,59312,1420800,0,56093,1300500000,0
2025-09-29T14:45:26+09:00,59437,729600,0,56218,1300500000,0
2025-09-29T14:45:36+09:00,59343,1420800,0,56062,1300500000,0
2025-09-29T14:45:46+09:00,59437,1420800,0,56093,1300500000,0
2025-09-29T14:45:56+09:00,59406,729600,0,56156,1300500000,0
2025-09-29T14:46:06+09:00,59625,1420800,0,56218,1300500000,0
2025-09-29T14:46:16+09:00,59812,729600,0,56781,1300500000,0
2025-09-29T14:46:26+09:00,59531,888000,0,56781,1300500000,0
2025-09-29T14:46:36+09:00,59562,729600,0,56656,1300500000,0
2025-09-29T14:46:46+09:00,59625,1420800,0,56812,1300500000,0
2025-09-29T14:46:56+09:00,59750,729600,0,56593,1300500000,0
2025-09-29T14:47:06+09:00,59843,1420800,0,56875,1300500000,0
2025-09-29T14:47:16+09:00,60000,1420800,0,56937,1300500000,0
2025-09-29T14:47:26+09:00,60218,1113600,0,56875,1300500000,0
2025-09-29T14:47:36+09:00,59937,729600,0,56968,1300500000,0
2025-09-29T14:47:46+09:00,60000,1420800,0,56781,1300500000,0
2025-09-29T14:47:56+09:00,60250,1420800,0,56812,1300500000,0
2025-09-29T14:48:06+09:00,60437,729600,0,56906,1300500000,0
2025-09-29T14:48:16+09:00,60156,729600,0,57031,1300500000,0
2025-09-29T14:48:26+09:00,60125,1420800,0,57250,1300500000,0
2025-09-29T14:48:36+09:00,60312,1420800,0,57312,1300500000,0
2025-09-29T14:48:46+09:00,60312,729600,0,57343,1300500000,0
2025-09-29T14:48:56+09:00,60406,1420800,0,57093,1300500000,0
2025-09-29T14:49:06+09:00,60531,729600,0,57312,1300500000,0
2025-09-29T14:49:16+09:00,60750,1420800,0,57218,1300500000,0
2025-09-29T14:49:26+09:00,60500,729600,0,57312,1300500000,0
2025-09-29T14:49:36+09:00,60531,1420800,0,57281,1300500000,0
2025-09-29T14:49:46+09:00,60781,1420800,0,57500,1300500000,0
2025-09-29T14:49:56+09:00,60968,1420800,0,57593,1300500000,0
2025-09-29T14:50:06+09:00,60718,1420800,0,57593,1300500000,0
2025-09-29T14:50:16+09:00,60718,1420800,0,57656,1300500000,0
2025-09-29T14:50:26+09:00,61031,856000,0,57531,1300500000,0
2025-09-29T14:50:36+09:00,61187,1420800,0,57562,1300500000,0
2025-09-29T14:50:46+09:00,60906,1420800,0,57750,1300500000,0
2025-09-29T14:50:56+09:00,60906,1420800,0,57812,1300500000,0
2025-09-29T14:51:06+09:00,61031,729600,0,57843,1300500000,0
2025-09-29T14:51:16+09:00,61437,1420800,0,57843,1300500000,0
2025-09-29T14:51:26+09:00,61062,1420800,0,58000,1300500000,0
2025-09-29T14:51:36+09:00,61125,1420800,0,57875,1300500000,0
2025-09-29T14:51:46+09:00,61218,1420800,0,58343,1300500000,0
2025-09-29T14:51:56+09:00,61281,1420800,0,58343,1300500000,0
2025-09-29T14:52:06+09:00,61437,729600,0,58406,1300500000,0
2025-09-29T14:52:16+09:00,61531,1420800,0,58468,1300500000,0
2025-09-29T14:52:26+09:00,61843,960000,0,58312,1300500000,0
2025-09-29T14:52:36+09:00,61531,729600,0,58281,1300500000,0
2025-09-29T14:52:46+09:00,61468,729600,0,58500,1300500000,0
2025-09-29T14:52:56+09:00,61437,729600,0,58500,1300500000,0
2025-09-29T14:53:06+09:00,61593,1420800,0,58500,1300500000,0
2025-09-29T14:53:16+09:00,61625,729600,0,58343,1300500000,0
2025-09-29T14:53:26+09:00,61531,1420800,0,58437,1300500000,0
2025-09-29T14:53:36+09:00,61718,1420800,0,58468,1300500000,0
2025-09-29T14:53:46+09:00,61781,729600,0,58781,1300500000,0
2025-09-29T14:53:56+09:00,61968,1420800,0,58843,1300500000,0
2025-09-29T14:54:07+09:00,61875,729600,0,58625,1300500000,0
2025-09-29T14:54:17+09:00,61937,1420800,0,58937,1300500000,0
2025-09-29T14:54:27+09:00,62000,729600,0,58906,1300500000,0
2025-09-29T14:54:37+09:00,62093,729600,0,58718,1300500000,0
2025-09-29T14:54:47+09:00,62125,1420800,0,58843,1300500000,0
2025-09-29T14:54:57+09:00,62156,729600,0,59093,1300500000,0
2025-09-29T14:55:07+09:00,62250,729600,0,59062,1300500000,0
2025-09-29T14:55:17+09:00,62250,1420800,0,58937,1300500000,0
2025-09-29T14:55:27+09:00,62218,729600,0,59000,1300500000,0
2025-09-29T14:55:37+09:00,62312,729600,0,59250,1300500000,0
2025-09-29T14:55:47+09:00,62468,729600,0,59281,1300500000,0
2025-09-29T14:55:57+09:00,62312,1420800,0,59156,1300500000,0
2025-09-29T14:56:07+09:00,62500,1420800,0,59125,1300500000,0
2025-09-29T14:56:17+09:00,62562,729600,0,59218,1300500000,0
2025-09-29T14:56:27+09:00,62593,1420800,0,59625,1300500000,0
2025-09-29T14:56:37+09:00,62625,1420800,0,59437,1300500000,0
2025-09-29T14:56:47+09:00,62625,1420800,0,59531,1300500000,0
2025-09-29T14:56:57+09:00,62781,1420800,0,59406,1300500000,0
2025-09-29T14:57:07+09:00,62843,1420800,0,59406,1300500000,0
2025-09-29T14:57:17+09:00,62812,729600,0,59687,1300500000,0
2025-09-29T14:57:27+09:00,62906,1420800,0,59812,1300500000,0
2025-09-29T14:57:37+09:00,63031,1420800,0,59593,1300500000,0
2025-09-29T14:57:47+09:00,63125,729600,0,59781,1300500000,0
2025-09-29T14:57:57+09:00,63281,729600,0,59562,1300500000,0
2025-09-29T14:58:07+09:00,63031,729600,0,59750,1300500000,0
2025-09-29T14:58:17+09:00,63031,1420800,0,59750,1300500000,0
2025-09-29T14:58:27+09:00,63281,1420800,0,59750,1300500000,0
2025-09-29T14:58:37+09:00,63218,729600,0,59906,1300500000,0
2025-09-29T14:58:47+09:00,63125,1420800,0,59968,1300500000,0
2025-09-29T14:58:57+09:00,63312,1420800,0,59875,1300500000,0
2025-09-29T14:59:07+09:00,63437,729600,0,59937,1300500000,0
2025-09-29T14:59:17+09:00,63187,729600,0,59937,1300500000,0
2025-09-29T14:59:27+09:00,63218,1420800,0,59937,1300500000,0
2025-09-29T14:59:37+09:00,63250,729600,0,60375,1300500000,0
2025-09-29T14:59:47+09:00,63375,1420800,0,60468,1300500000,0
2025-09-29T14:59:57+09:00,63250,729600,0,60250,1300500000,0
2025-09-29T15:00:07+09:00,63343,729600,0,60250,1300500000,0
2025-09-29T15:00:17+09:00,63468,907000,0,60156,1300500000,0
2025-09-29T15:00:27+09:00,63468,1420800,0,60250,1300500000,0
2025-09-29T15:00:37+09:00,63562,729600,0,60281,1300500000,0
2025-09-29T15:00:47+09:00,63687,1420800,0,60406,1300500000,0
2025-09-29T15:00:57+09:00,63843,1420800,0,60406,1300500000,0
2025-09-29T15:01:07+09:00,63531,1420800,0,60375,1300500000,0
2025-09-29T15:01:17+09:00,63687,924000,0,60406,1300500000,0
2025-09-29T15:01:27+09:00,63687,1420800,0,60468,1300500000,0
2025-09-29T15:01:37+09:00,63750,729600,0,60437,1300500000,0
2025-09-29T15:01:47+09:00,63875,729600,0,60437,1300500000,0
2025-09-29T15:01:57+09:00,63875,1420800,0,60500,1300500000,0
2025-09-29T15:02:07+09:00,64125,729600,0,60843,1300500000,0
2025-09-29T15:02:17+09:00,64156,729600,0,60593,1300500000,0
2025-09-29T15:02:27+09:00,63968,729600,0,60687,1300500000,0
2025-09-29T15:02:37+09:00,64000,1420800,0,60906,1300500000,0
2025-09-29T15:02:47+09:00,64062,1420800,0,60906,1300500000,0
2025-09-29T15:02:57+09:00,64156,729600,0,60718,1300500000,0
2025-09-29T15:03:07+09:00,64156,1420800,0,60906,1300500000,0
2025-09-29T15:03:17+09:00,64187,729600,0,61031,1300500000,0
2025-09-29T15:03:27+09:00,64187,1420800,0,60906,1300500000,0
2025-09-29T15:03:37+09:00,64187,1420800,0,60875,1300500000,0
2025-09-29T15:03:47+09:00,64281,1420800,0,60906,1300500000,0
2025-09-29T15:03:57+09:00,64437,729600,0,61187,1300500000,0
2025-09-29T15:04:07+09:00,64281,1420800,0,61156,1300500000,0
2025-09-29T15:04:17+09:00,64468,1420800,0,61093,1300500000,0
2025-09-29T15:04:27+09:00,64625,729600,0,61000,1300500000,0
2025-09-29T15:04:37+09:00,64656,729600,0,61000,1300500000,0
2025-09-29T15:04:47+09:00,64375,1420800,0,61093,1300500000,0
2025-09-29T15:04:57+09:00,64625,1420800,0,61343,1300500000,0
2025-09-29T15:05:07+09:00,64656,1420800,0,61375,1300500000,0
2025-09-29T15:05:17+09:00,64812,1420800,0,61468,1300500000,0
2025-09-29T15:05:27+09:00,64718,1420800,0,61437,1300500000,0
2025-09-29T15:05:37+09:00,64656,1420800,0,61406,1300500000,0
2025-09-29T15:05:47+09:00,64781,729600,0,61781,1300500000,0
2025-09-29T15:05:58+09:00,64968,729600,0,61750,1300500000,0
2025-09-29T15:06:08+09:00,64843,1420800,0,61593,1300500000,0
2025-09-29T15:06:18+09:00,64843,729600,0,61625,1300500000,0
2025-09-29T15:06:28+09:00,65031,729600,0,61687,1300500000,0
2025-09-29T15:06:38+09:00,65156,729600,0,61625,1300500000,0
2025-09-29T15:06:48+09:00,64843,1420800,0,61625,1300500000,0
2025-09-29T15:06:58+09:00,64875,1420800,0,61718,1300500000,0
2025-09-29T15:07:08+09:00,64937,1420800,0,61750,1300500000,0
2025-09-29T15:07:18+09:00,65031,729600,0,61843,1300500000,0
2025-09-29T15:07:28+09:00,65156,927000,0,61812,1300500000,0
2025-09-29T15:07:38+09:00,65156,1420800,0,61875,1300500000,0
2025-09-29T15:07:48+09:00,65406,729600,0,61875,1300500000,0
2025-09-29T15:07:58+09:00,65125,729600,0,61812,1300500000,0
2025-09-29T15:08:08+09:00,65187,1420800,0,61875,1300500000,0
2025-09-29T15:08:18+09:00,65406,729600,0,62031,1300500000,0
2025-09-29T15:08:28+09:00,65312,729600,0,62343,1300500000,0
2025-09-29T15:08:38+09:00,65437,729600,0,62343,1300500000,0
2025-09-29T15:08:48+09:00,65531,1420800,0,62343,1300500000,0
2025-09-29T15:08:58+09:00,65625,729600,0,62375,1300500000,0
2025-09-29T15:09:08+09:00,65812,1420800,0,62500,1300500000,0
2025-09-29T15:09:18+09:00,65593,729600,0,62281,1300500000,0
2025-09-29T15:09:28+09:00,65625,729600,0,62343,1300500000,0
2025-09-29T15:09:38+09:00,65625,1420800,0,62593,1300500000,0
2025-09-29T15:09:48+09:00,66062,1420800,0,62406,1300500000,0
2025-09-29T15:09:58+09:00,65687,1420800,0,62593,1300500000,0
2025-09-29T15:10:08+09:00,65843,729600,0,62843,1300500000,0
2025-09-29T15:10:18+09:00,65812,1420800,0,62937,1300500000,0
2025-09-29T15:10:28+09:00,66218,729600,0,62687,1300500000,0
2025-09-29T15:10:38+09:00,65781,1420800,0,62656,1300500000,0
2025-09-29T15:10:48+09:00,65937,1420800,0,62687,1300500000,0
2025-09-29T15:10:58+09:00,66187,1420800,0,62968,1300500000,0
2025-09-29T15:11:08+09:00,65937,1420800,0,62937,1300500000,0
2025-09-29T15:11:18+09:00,65937,1420800,0,62843,1300500000,0
2025-09-29T15:11:28+09:00,66062,1420800,0,62812,1300500000,0
2025-09-29T15:11:38+09:00,66437,1420800,0,63093,1300500000,0
2025-09-29T15:11:48+09:00,66093,729600,0,63125,1300500000,0
2025-09-29T15:11:58+09:00,66187,729600,0,63093,1300500000,0
2025-09-29T15:12:08+09:00,66218,913000,0,63187,1300500000,0
2025-09-29T15:12:18+09:00,66406,729600,0,63281,1300500000,0
2025-09-29T15:12:28+09:00,66406,1420800,0,63000,1300500000,0
2025-09-29T15:12:38+09:00,66500,729600,0,63281,1300500000,0
2025-09-29T15:12:48+09:00,66593,1420800,0,63031,1300500000,0
2025-09-29T15:12:58+09:00,66437,1420800,0,63125,1300500000,0
2025-09-29T15:13:08+09:00,66562,1420800,0,63312,1300500000,0
2025-09-29T15:13:18+09:00,66625,1420800,0,63093,1300500000,0
2025-09-29T15:13:28+09:00,66625,1420800,0,63500,1300500000,0
2025-09-29T15:13:38+09:00,66593,1420800,0,63406,1300500000,0
2025-09-29T15:13:48+09:00,66625,1420800,0,63437,1300500000,0
2025-09-29T15:13:58+09:00,66687,1420800,0,63500,1300500000,0
2025-09-29T15:14:08+09:00,66562,729600,0,63281,1300500000,0
2025-09-29T15:14:18+09:00,66656,1420800,0,63375,1300500000,0
2025-09-29T15:14:28+09:00,66750,729600,0,63343,1300500000,0
2025-09-29T15:14:38+09:00,67000,729600,0,63375,1300500000,0
2025-09-29T15:14:48+09:00,66593,1420800,0,63468,1300500000,0
2025-09-29T15:14:58+09:00,66812,1420800,0,63406,1300500000,0
2025-09-29T15:15:08+09:00,66750,1420800,0,63468,1300500000,0
2025-09-29T15:15:18+09:00,66781,1420800,0,63562,1300500000,0
2025-09-29T15:15:28+09:00,66781,1420800,0,63468,1300500000,0
2025-09-29T15:15:38+09:00,66968,729600,0,63562,1300500000,0
2025-09-29T15:15:48+09:00,67062,729600,0,63593,1300500000,0
2025-09-29T15:15:58+09:00,66812,1420800,0,63531,1300500000,0
2025-09-29T15:16:08+09:00,66906,1420800,0,63812,1300500000,0
2025-09-29T15:16:18+09:00,66968,1420800,0,63687,1300500000,0
2025-09-29T15:16:28+09:00,66968,1420800,0,63812,1300500000,0
2025-09-29T15:16:38+09:00,67062,1420800,0,63812,1300500000,0
2025-09-29T15:16:48+09:00,67187,1420800,0,63843,1300500000,0
2025-09-29T15:16:58+09:00,67250,729600,0,64000,1300500000,0
2025-09-29T15:17:08+09:00,67437,729600,0,63843,1300500000,0
2025-09-29T15:17:18+09:00,67187,1420800,0,64312,1300500000,0
2025-09-29T15:17:28+09:00,67281,906000,0,64312,1300500000,0
2025-09-29T15:17:39+09:00,67187,729600,0,64281,1300500000,0
2025-09-29T15:17:49+09:00,67562,1420800,0,64281,1300500000,0
2025-09-29T15:17:59+09:00,67218,729600,0,64281,1300500000,0
2025-09-29T15:18:09+09:00,67281,1420800,0,64281,1300500000,0
2025-09-29T15:18:19+09:00,67343,1420800,0,64281,1300500000,0
2025-09-29T15:18:29+09:00,67750,1420800,0,64187,1300500000,0
2025-09-29T15:18:39+09:00,67281,729600,0,64187,1300500000,0
2025-09-29T15:18:49+09:00,67375,1414000,0,64218,1300500000,0
2025-09-29T15:18:59+09:00,67406,1420800,0,64375,1300500000,0
2025-09-29T15:19:09+09:00,67531,1420800,0,64437,1300500000,0
2025-09-29T15:19:19+09:00,67562,1420800,0,64218,1300500000,0
2025-09-29T15:19:29+09:00,67500,729600,0,64281,1300500000,0
2025-09-29T15:19:39+09:00,67593,1420800,0,64312,1300500000,0
2025-09-29T15:19:49+09:00,67593,1420800,0,64281,1300500000,0
2025-09-29T15:19:59+09:00,67718,1420800,0,64281,1300500000,0
2025-09-29T15:20:09+09:00,67812,1420800,0,64281,1300500000,0
2025-09-29T15:20:19+09:00,67968,729600,0,64406,1300500000,0
2025-09-29T15:20:29+09:00,67656,1420800,0,64375,1300500000,0
2025-09-29T15:20:39+09:00,67750,729600,0,64750,1300500000,0
2025-09-29T15:20:49+09:00,67843,1420800,0,64406,1300500000,0
2025-09-29T15:20:59+09:00,68125,1420800,0,64718,1300500000,0
2025-09-29T15:21:09+09:00,67812,915000,0,64718,1300500000,0
2025-09-29T15:21:19+09:00,67875,729600,0,64718,1300500000,0
2025-09-29T15:21:29+09:00,67875,1420800,0,64750,1300500000,0
2025-09-29T15:21:39+09:00,67968,1420800,0,65125,1300500000,0
2025-09-29T15:21:49+09:00,68031,729600,0,65031,1300500000,0
2025-09-29T15:21:59+09:00,68156,1420800,0,65062,1300500000,0
2025-09-29T15:22:09+09:00,68218,729600,0,65125,1300500000,0
2025-09-29T15:22:19+09:00,68000,729600,0,65031,1300500000,0
2025-09-29T15:22:29+09:00,68000,729600,0,65156,1300500000,0
2025-09-29T15:22:39+09:00,68062,729600,0,65156,1300500000,0
2025-09-29T15:22:49+09:00,68156,729600,0,65093,1300500000,0
2025-09-29T15:22:59+09:00,68187,1420800,0,65156,1300500000,0
2025-09-29T15:23:09+09:00,68281,1420800,0,65156,1300500000,0
2025-09-29T15:23:19+09:00,68406,1420800,0,65218,1300500000,0
2025-09-29T15:23:29+09:00,68531,729600,0,65250,1300500000,0
2025-09-29T15:23:39+09:00,68437,729600,0,65062,1300500000,0
2025-09-29T15:23:49+09:00,68375,1420800,0,65062,1300500000,0
2025-09-29T15:23:59+09:00,68531,1420800,0,65093,1300500000,0
2025-09-29T15:24:09+09:00,68187,1420800,0,65156,1300500000,0
2025-09-29T15:24:19+09:00,68281,1420800,0,65125,1300500000,0
2025-09-29T15:24:29+09:00,68468,729600,0,65125,1300500000,0
2025-09-29T15:24:39+09:00,68500,1420800,0,65218,1300500000,0
2025-09-29T15:24:49+09:00,68593,1420800,0,65250,1300500000,0
2025-09-29T15:24:59+09:00,68687,1420800,0,65375,1300500000,0
2025-09-29T15:25:09+09:00,68750,1420800,0,65375,1300500000,0
2025-09-29T15:25:19+09:00,68812,729600,0,65375,1300500000,0
2025-09-29T15:25:29+09:00,70468,2201600,0,66031,1300500000,0
2025-09-29T15:25:39+09:00,71000,2201600,0,66406,1300500000,0
2025-09-29T15:25:49+09:00,71062,2201600,0,66562,1300500000,0
2025-09-29T15:25:59+09:00,71093,2201600,0,66781,1300500000,0
2025-09-29T15:26:09+09:00,71312,2201600,0,66812,1300500000,0
2025-09-29T15:26:19+09:00,71625,2201600,0,67031,1300500000,0
2025-09-29T15:26:29+09:00,71531,2201600,0,66875,1300500000,0
2025-09-29T15:26:39+09:00,71437,2201600,0,67000,1300500000,0
2025-09-29T15:26:49+09:00,71843,2201600,0,67156,1300500000,0
2025-09-29T15:26:59+09:00,71656,2201600,0,67218,1300500000,0
2025-09-29T15:27:09+09:00,71906,2201600,0,67250,1300500000,0
2025-09-29T15:27:19+09:00,71812,2201600,0,67437,1300500000,0
2025-09-29T15:27:29+09:00,71906,2201600,0,67250,1300500000,0
2025-09-29T15:27:39+09:00,72093,2201600,0,67375,1300500000,0
2025-09-29T15:27:49+09:00,72062,2201600,0,67437,1300500000,0
2025-09-29T15:27:59+09:00,72031,2201600,0,67718,1300500000,0
2025-09-29T15:28:09+09:00,72343,2201600,0,67875,1300500000,0
2025-09-29T15:28:19+09:00,72156,2201600,0,67812,1300500000,0
2025-09-29T15:28:29+09:00,72343,2201600,0,67781,1300500000,0
2025-09-29T15:28:39+09:00,72375,2201600,0,67875,1300500000,0
2025-09-29T15:28:49+09:00,72625,2201600,0,68187,1300500000,0
2025-09-29T15:28:59+09:00,72531,2201600,0,68281,1300500000,0
2025-09-29T15:29:09+09:00,72593,2201600,0,68437,1300500000,0
2025-09-29T15:29:19+09:00,72781,2201600,0,68250,1300500000,0
2025-09-29T15:29:29+09:00,72843,2201600,0,68375,1300500000,0
2025-09-29T15:29:39+09:00,72875,2201600,0,68468,1300500000,0
2025-09-29T15:29:49+09:00,73031,2201600,0,68687,1300500000,0
2025-09-29T15:29:59+09:00,72968,2201600,0,68906,1300500000,0
2025-09-29T15:30:09+09:00,73000,2201600,0,69000,1300500000,0
2025-09-29T15:30:19+09:00,73312,2201600,0,68687,1300500000,0
2025-09-29T15:30:29+09:00,73250,2201600,0,68875,1300500000,0
2025-09-29T15:30:39+09:00,73187,2201600,0,68968,1300500000,0
2025-09-29T15:30:49+09:00,73468,2201600,0,68937,1300500000,0
2025-09-29T15:30:59+09:00,73468,2201600,0,68968,1300500000,0
2025-09-29T15:31:09+09:00,73406,2201600,0,69031,1300500000,0
2025-09-29T15:31:19+09:00,73625,2201600,0,69125,1300500000,0
2025-09-29T15:31:29+09:00,73718,2201600,0,69343,1300500000,0
2025-09-29T15:31:39+09:00,74000,2201600,0,69531,1300500000,0
2025-09-29T15:31:49+09:00,73843,2201600,0,69531,1300500000,0
2025-09-29T15:31:59+09:00,73906,2201600,0,69406,1300500000,0
2025-09-29T15:32:09+09:00,74250,2201600,0,69468,1300500000,0
2025-09-29T15:32:19+09:00,74125,2201600,0,69593,1300500000,0
2025-09-29T15:32:29+09:00,74000,2201600,0,69812,1300500000,0
2025-09-29T15:32:40+09:00,74187,2201600,0,69906,1300500000,0
2025-09-29T15:32:50+09:00,74062,2201600,0,70093,1300500000,0
2025-09-29T15:33:00+09:00,74406,2201600,0,70093,1300500000,0
2025-09-29T15:33:10+09:00,74375,2201600,0,69906,1300500000,0
2025-09-29T15:33:20+09:00,74312,2201600,0,70031,1300500000,0
2025-09-29T15:33:30+09:00,74593,2201600,0,70125,1300500000,0
2025-09-29T15:33:40+09:00,74593,2201600,0,70468,1300500000,0
2025-09-29T15:33:50+09:00,74562,2201600,0,70593,1300500000,0
2025-09-29T15:34:00+09:00,74781,2201600,0,70187,1300500000,0
2025-09-29T15:34:10+09:00,74718,2201600,0,70406,1300500000,0
2025-09-29T15:34:20+09:00,75031,2201600,0,70468,1300500000,0
2025-09-29T15:34:30+09:00,74875,2201600,0,70531,1300500000,0
2025-09-29T15:34:40+09:00,74937,2201600,0,70375,1300500000,0
2025-09-29T15:34:50+09:00,75312,2201600,0,70562,1300500000,0
2025-09-29T15:35:00+09:00,75125,2201600,0,70625,1300500000,0
2025-09-29T15:35:10+09:00,75218,2201600,0,70937,1300500000,0
2025-09-29T15:35:20+09:00,75468,2201600,0,71000,1300500000,0
2025-09-29T15:35:30+09:00,75343,2201600,0,70843,1300500000,0
2025-09-29T15:35:40+09:00,75343,2201600,0,70906,1300500000,0
2025-09-29T15:35:50+09:00,75687,2201600,0,70968,1300500000,0
2025-09-29T15:36:00+09:00,75562,2201600,0,71218,1300500000,0
2025-09-29T15:36:10+09:00,75718,2201600,0,71312,1300500000,0
2025-09-29T15:36:20+09:00,75656,2201600,0,71468,1300500000,0
2025-09-29T15:36:30+09:00,75625,2201600,0,71250,1300500000,0
2025-09-29T15:36:40+09:00,75843,2201600,0,71281,1300500000,0
2025-09-29T15:36:50+09:00,75812,2201600,0,71718,1300500000,0
2025-09-29T15:37:00+09:00,76156,2201600,0,71718,1300500000,0
2025-09-29T15:37:10+09:00,75906,2201600,0,71562,1300500000,0
2025-09-29T15:37:20+09:00,75968,2201600,0,71625,1300500000,0
2025-09-29T15:37:30+09:00,76218,2201600,0,72000,1300500000,0
2025-09-29T15:37:40+09:00,75937,2201600,0,71562,1300500000,0
2025-09-29T15:37:50+09:00,76250,2201600,0,71718,1300500000,0
2025-09-29T15:38:00+09:00,76250,2201600,0,71937,1300500000,0
2025-09-29T15:38:10+09:00,76312,2201600,0,72062,1300500000,0
2025-09-29T15:38:20+09:00,76531,2201600,0,71906,1300500000,0
2025-09-29T15:38:30+09:00,76375,2201600,0,71968,1300500000,0
2025-09-29T15:38:40+09:00,76343,2201600,0,72000,1300500000,0
2025-09-29T15:38:50+09:00,76593,2201600,0,72250,1300500000,0
2025-09-29T15:39:00+09:00,76625,2201600,0,72312,1300500000,0
2025-09-29T15:39:10+09:00,76562,2201600,0,72468,1300500000,0
2025-09-29T15:39:20+09:00,76781,2201600,0,72343,1300500000,0
2025-09-29T15:39:30+09:00,76812,2201600,0,72406,1300500000,0
2025-09-29T15:39:40+09:00,77125,2201600,0,72500,1300500000,0
2025-09-29T15:39:50+09:00,76937,2201600,0,72687,1300500000,0
2025-09-29T15:40:00+09:00,76875,2201600,0,72812,1300500000,0
2025-09-29T15:40:10+09:00,77281,2201600,0,72843,1300500000,0
2025-09-29T15:40:20+09:00,76968,2201600,0,72625,1300500000,0
2025-09-29T15:40:30+09:00,77250,2201600,0,72718,1300500000,0
2025-09-29T15:40:40+09:00,77250,2201600,0,72875,1300500000,0
2025-09-29T15:40:50+09:00,77281,2201600,0,72937,1300500000,0
2025-09-29T15:41:00+09:00,77375,2201600,0,73031,1300500000,0
2025-09-29T15:41:10+09:00,77656,2201600,0,73187,1300500000,0
2025-09-29T15:41:20+09:00,77656,2201600,0,73187,1300500000,0
2025-09-29T15:41:30+09:00,77562,2201600,0,73250,1300500000,0
2025-09-29T15:41:40+09:00,77593,2201600,0,73281,1300500000,0
2025-09-29T15:41:50+09:00,77562,2201600,0,73375,1300500000,0
2025-09-29T15:42:00+09:00,77843,2201600,0,73468,1300500000,0
2025-09-29T15:42:10+09:00,77781,2201600,0,73500,1300500000,0
2025-09-29T15:42:20+09:00,77750,2201600,0,73500,1300500000,0
2025-09-29T15:42:30+09:00,78000,2201600,0,73656,1300500000,0
2025-09-29T15:42:40+09:00,77875,2201600,0,73687,1300500000,0
2025-09-29T15:42:50+09:00,77906,2201600,0,73625,1300500000,0
2025-09-29T15:43:00+09:00,78125,2201600,0,73625,1300500000,0
2025-09-29T15:43:10+09:00,78156,2201600,0,73750,1300500000,0
2025-09-29T15:43:20+09:00,78062,2201600,0,73750,1300500000,0
2025-09-29T15:43:30+09:00,78250,2201600,0,74125,1300500000,0
2025-09-29T15:43:40+09:00,78218,2201600,0,73812,1300500000,0
2025-09-29T15:43:50+09:00,78500,2201600,0,73875,1300500000,0
2025-09-29T15:44:00+09:00,78406,2201600,0,73812,1300500000,0
2025-09-29T15:44:10+09:00,78312,2201600,0,74031,1300500000,0
2025-09-29T15:44:20+09:00,78750,2201600,0,74093,1300500000,0
2025-09-29T15:44:30+09:00,78593,2201600,0,74125,1300500000,0
2025-09-29T15:44:40+09:00,78562,2201600,0,74343,1300500000,0
2025-09-29T15:44:50+09:00,78937,2201600,0,74062,1300500000,0
2025-09-29T15:45:00+09:00,78781,2201600,0,74187,1300500000,0
2025-09-29T15:45:10+09:00,78687,2201600,0,74250,1300500000,0
2025-09-29T15:45:20+09:00,78968,2201600,0,74531,1300500000,0
2025-09-29T15:45:30+09:00,78750,2201600,0,74593,1300500000,0
2025-09-29T15:45:40+09:00,78718,2201600,0,74625,1300500000,0
2025-09-29T15:45:50+09:00,79031,2201600,0,74468,1300500000,0
2025-09-29T15:46:00+09:00,78906,2201600,0,74531,1300500000,0
2025-09-29T15:46:10+09:00,78937,2201600,0,74562,1300500000,0
2025-09-29T15:46:20+09:00,79187,2201600,0,74625,1300500000,0
2025-09-29T15:46:30+09:00,79125,2201600,0,75000,1300500000,0
2025-09-29T15:46:40+09:00,79031,2201600,0,75062,1300500000,0
2025-09-29T15:46:50+09:00,79343,2201600,0,74781,1300500000,0
2025-09-29T15:47:00+09:00,79218,2201600,0,74937,1300500000,0
2025-09-29T15:47:10+09:00,79250,2201600,0,75062,1300500000,0
2025-09-29T15:47:20+09:00,79562,2201600,0,75125,1300500000,0
2025-09-29T15:47:30+09:00,79656,2201600,0,74968,1300500000,0
2025-09-29T15:47:40+09:00,79500,2201600,0,74968,1300500000,0
2025-09-29T15:47:50+09:00,79625,2201600,0,75000,1300500000,0
2025-09-29T15:48:00+09:00,79468,2201600,0,75062,1300500000,0
2025-09-29T15:48:10+09:00,79593,2201600,0,75375,1300500000,0
2025-09-29T15:48:20+09:00,79593,2201600,0,75437,1300500000,0
2025-09-29T15:48:30+09:00,79968,2201600,0,75468,1300500000,0
2025-09-29T15:48:40+09:00,79750,2201600,0,75406,1300500000,0
2025-09-29T15:48:50+09:00,79781,2201600,0,75375,1300500000,0
2025-09-29T15:49:00+09:00,80000,2201600,0,75406,1300500000,0
2025-09-29T15:49:10+09:00,79937,2201600,0,75718,1300500000,0
2025-09-29T15:49:20+09:00,79843,2201600,0,75875,1300500000,0
2025-09-29T15:49:30+09:00,80156,2201600,0,75593,1300500000,0
2025-09-29T15:49:40+09:00,80093,2201600,0,75687,1300500000,0
2025-09-29T15:49:50+09:00,80062,2201600,0,76000,1300500000,0
2025-09-29T15:50:00+09:00,80156,2201600,0,76031,1300500000,0
2025-09-29T15:50:10+09:00,80437,2201600,0,75812,1300500000,0
2025-09-29T15:50:20+09:00,80312,2201600,0,76156,1300500000,0
2025-09-29T15:50:30+09:00,80250,2201600,0,75875,1300500000,0
2025-09-29T15:50:40+09:00,80312,2201600,0,76031,1300500000,0
2025-09-29T15:50:50+09:00,80281,2201600,0,75875,1300500000,0
2025-09-29T15:51:00+09:00,80562,2201600,0,76125,1300500000,0
2025-09-29T15:51:10+09:00,80656,2201600,0,76187,1300500000,0
2025-09-29T15:51:20+09:00,80593,2201600,0,76062,1300500000,0
2025-09-29T15:51:30+09:00,80531,2201600,0,76187,1300500000,0
2025-09-29T15:51:40+09:00,80687,2201600,0,76343,1300500000,0
2025-09-29T15:51:50+09:00,80656,2201600,0,76218,1300500000,0
2025-09-29T15:52:00+09:00,80750,2201600,0,76312,1300500000,0
2025-09-29T15:52:10+09:00,80875,2201600,0,76343,1300500000,0
2025-09-29T15:52:20+09:00,80812,2201600,0,76562,1300500000,0
2025-09-29T15:52:30+09:00,80718,2201600,0,76718,1300500000,0
2025-09-29T15:52:40+09:00,81031,2201600,0,76781,1300500000,0
2025-09-29T15:52:50+09:00,81187,2201600,0,76562,1300500000,0
2025-09-29T15:53:00+09:00,81062,2201600,0,76593,1300500000,0
2025-09-29T15:53:10+09:00,81031,2201600,0,76656,1300500000,0
2025-09-29T15:53:20+09:00,81187,2201600,0,76937,1300500000,0
2025-09-29T15:53:30+09:00,81156,2201600,0,76968,1300500000,0
2025-09-29T15:53:41+09:00,81250,2201600,0,77062,1300500000,0
2025-09-29T15:53:51+09:00,81187,2201600,0,77187,1300500000,0
2025-09-29T15:54:01+09:00,82937,2201600,0,77375,1300500000,0
2025-09-29T15:54:11+09:00,82000,2201600,0,76968,1300500000,0
2025-09-29T15:54:21+09:00,81937,2201600,0,77000,1300500000,0
2025-09-29T15:54:31+09:00,82343,2201600,0,77062,1300500000,0
2025-09-29T15:54:41+09:00,82093,2201600,0,77125,1300500000,0
2025-09-29T15:54:51+09:00,82250,2201600,0,77125,1300500000,0
2025-09-29T15:55:01+09:00,82156,2201600,0,77218,1300500000,0
2025-09-29T15:55:11+09:00,82187,2201600,0,77375,1300500000,0
2025-09-29T15:55:21+09:00,82343,2201600,0,77375,1300500000,0
2025-09-29T15:55:31+09:00,82343,2201600,0,77375,1300500000,0
2025-09-29T15:55:41+09:00,82250,2201600,0,77500,1300500000,0
2025-09-29T15:55:51+09:00,82500,2201600,0,77812,1300500000,0
2025-09-29T15:56:01+09:00,82468,2201600,0,77781,1300500000,0
2025-09-29T15:56:11+09:00,82375,2201600,0,77875,1300500000,0
2025-09-29T15:56:21+09:00,82593,2201600,0,77718,1300500000,0
2025-09-29T15:56:31+09:00,82593,2201600,0,77843,1300500000,0
2025-09-29T15:56:41+09:00,82593,2201600,0,77875,1300500000,0
2025-09-29T15:56:51+09:00,82781,2201600,0,78156,1300500000,0
2025-09-29T15:57:01+09:00,82625,2201600,0,78250,1300500000,0
2025-09-29T15:57:11+09:00,82687,2201600,0,77875,1300500000,0
2025-09-29T15:57:21+09:00,82875,2201600,0,78031,1300500000,0
2025-09-29T15:57:31+09:00,83062,2201600,0,78187,1300500000,0
2025-09-29T15:57:41+09:00,83093,2201600,0,78156,1300500000,0
2025-09-29T15:57:51+09:00,82968,2201600,0,78000,1300500000,0
2025-09-29T15:58:01+09:00,83156,2201600,0,78281,1300500000,0
2025-09-29T15:58:11+09:00,83093,2201600,0,78156,1300500000,0
2025-09-29T15:58:21+09:00,83093,2201600,0,78375,1300500000,0
2025-09-29T15:58:31+09:00,83375,2201600,0,78468,1300500000,0
2025-09-29T15:58:41+09:00,83156,2201600,0,78500,1300500000,0
2025-09-29T15:58:51+09:00,83187,2201600,0,78343,1300500000,0
2025-09-29T15:59:01+09:00,83562,2201600,0,78531,1300500000,0
2025-09-29T15:59:11+09:00,83343,2201600,0,78468,1300500000,0
2025-09-29T15:59:21+09:00,83375,2201600,0,78718,1300500000,0
2025-09-29T15:59:31+09:00,83468,2201600,0,78812,1300500000,0
2025-09-29T15:59:41+09:00,83468,2201600,0,78625,1300500000,0
2025-09-29T15:59:51+09:00,83375,2201600,0,78718,1300500000,0
2025-09-29T16:00:01+09:00,83781,2201600,0,78718,1300500000,0
2025-09-29T16:00:11+09:00,83593,2201600,0,78718,1300500000,0
2025-09-29T16:00:21+09:00,83625,2201600,0,79156,1300500000,0
2025-09-29T16:00:31+09:00,83843,2201600,0,78718,1300500000,0
2025-09-29T16:00:41+09:00,83968,2201600,0,78843,1300500000,0
2025-09-29T16:00:51+09:00,83906,2201600,0,79062,1300500000,0
2025-09-29T16:01:01+09:00,84062,2201600,0,79125,1300500000,0
2025-09-29T16:01:11+09:00,83968,2201600,0,79125,1300500000,0
2025-09-29T16:01:21+09:00,84250,2201600,0,79187,1300500000,0
2025-09-29T16:01:31+09:00,84062,2201600,0,79281,1300500000,0
2025-09-29T16:01:41+09:00,84031,2201600,0,79312,1300500000,0
2025-09-29T16:01:51+09:00,84375,2201600,0,79343,1300500000,0
2025-09-29T16:02:01+09:00,84062,2201600,0,79281,1300500000,0
2025-09-29T16:02:11+09:00,84375,2201600,0,79312,1300500000,0
2025-09-29T16:02:21+09:00,84218,2201600,0,79343,1300500000,0
2025-09-29T16:02:31+09:00,84281,2201600,0,79406,1300500000,0
2025-09-29T16:02:41+09:00,84406,2201600,0,79312,1300500000,0
2025-09-29T16:02:51+09:00,84343,2201600,0,79718,1300500000,0
2025-09-29T16:03:01+09:00,84375,2201600,0,79875,1300500000,0
2025-09-29T16:03:11+09:00,84625,2201600,0,79468,1300500000,0
2025-09-29T16:03:21+09:00,84750,2201600,0,79500,1300500000,0
2025-09-29T16:03:31+09:00,84531,2201600,0,79531,1300500000,0
2025-09-29T16:03:41+09:00,84531,2201600,0,79625,1300500000,0
2025-09-29T16:03:51+09:00,84843,2201600,0,79625,1300500000,0
2025-09-29T16:04:01+09:00,84812,2201600,0,79718,1300500000,0
2025-09-29T16:04:11+09:00,84656,2201600,0,79781,1300500000,0
2025-09-29T16:04:21+09:00,85000,2201600,0,79781,1300500000,0
2025-09-29T16:04:31+09:00,84750,2201600,0,79843,1300500000,0
2025-09-29T16:04:41+09:00,84968,2201600,0,79937,1300500000,0
2025-09-29T16:04:51+09:00,84906,2201600,0,79906,1300500000,0
2025-09-29T16:05:01+09:00,85031,2201600,0,80187,1300500000,0
2025-09-29T16:05:11+09:00,85125,2201600,0,80125,1300500000,0
2025-09-29T16:05:21+09:00,85031,2201600,0,80156,1300500000,0
2025-09-29T16:05:31+09:00,85000,2201600,0,80406,1300500000,0
2025-09-29T16:05:41+09:00,85218,2201600,0,80562,1300500000,0
2025-09-29T16:05:51+09:00,85156,2201600,0,80187,1300500000,0
2025-09-29T16:06:01+09:00,85500,2201600,0,80406,1300500000,0
2025-09-29T16:06:11+09:00,85281,2201600,0,80406,1300500000,0
2025-09-29T16:06:21+09:00,85281,2201600,0,80437,1300500000,0
2025-09-29T16:06:31+09:00,85593,2201600,0,80312,1300500000,0
2025-09-29T16:06:41+09:00,85468,2201600,0,80375,1300500000,0
2025-09-29T16:06:51+09:00,85375,2201600,0,80562,1300500000,0
2025-09-29T16:07:01+09:00,85468,2201600,0,80625,1300500000,0
2025-09-29T16:07:11+09:00,85468,2201600,0,80781,1300500000,0
2025-09-29T16:07:21+09:00,85562,2201600,0,80500,1300500000,0
2025-09-29T16:07:31+09:00,85593,2201600,0,80625,1300500000,0
2025-09-29T16:07:41+09:00,85468,2201600,0,80750,1300500000,0
2025-09-29T16:07:51+09:00,85781,2201600,0,80937,1300500000,0
2025-09-29T16:08:01+09:00,85687,2201600,0,80968,1300500000,0
2025-09-29T16:08:11+09:00,85656,2201600,0,81031,1300500000,0
2025-09-29T16:08:21+09:00,85937,2201600,0,80843,1300500000,0
2025-09-29T16:08:31+09:00,85812,2201600,0,80968,1300500000,0
2025-09-29T16:08:41+09:00,86093,2201600,0,81000,1300500000,0
2025-09-29T16:08:51+09:00,86000,2201600,0,81375,1300500000,0
2025-09-29T16:09:01+09:00,85968,2201600,0,81343,1300500000,0
2025-09-29T16:09:11+09:00,86312,2201600,0,80906,1300500000,0
2025-09-29T16:09:21+09:00,86125,2201600,0,81187,1300500000,0
2025-09-29T16:09:31+09:00,86062,2201600,0,81250,1300500000,0
2025-09-29T16:09:41+09:00,86375,2201600,0,81218,1300500000,0
2025-09-29T16:09:51+09:00,86250,2201600,0,81343,1300500000,0
2025-09-29T16:10:01+09:00,86156,2201600,0,81187,1300500000,0
2025-09-29T16:10:11+09:00,86343,2201600,0,81343,1300500000,0
2025-09-29T16:10:21+09:00,86218,2201600,0,81531,1300500000,0
2025-09-29T16:10:31+09:00,86375,2201600,0,81468,1300500000,0
2025-09-29T16:10:41+09:00,86406,2201600,0,81468,1300500000,0
2025-09-29T16:10:51+09:00,86218,2201600,0,81281,1300500000,0
2025-09-29T16:11:01+09:00,86437,2201600,0,81437,1300500000,0
2025-09-29T16:11:11+09:00,86375,2201600,0,81593,1300500000,0
2025-09-29T16:11:21+09:00,86312,2201600,0,81718,1300500000,0
2025-09-29T16:11:31+09:00,86562,2201600,0,81750,1300500000,0
2025-09-29T16:11:41+09:00,86500,2201600,0,81531,1300500000,0
2025-09-29T16:11:51+09:00,86812,2201600,0,81531,1300500000,0
2025-09-29T16:12:01+09:00,86625,2201600,0,81812,1300500000,0
2025-09-29T16:12:11+09:00,86625,2201600,0,81875,1300500000,0
2025-09-29T16:12:21+09:00,86687,2201600,0,82031,1300500000,0
2025-09-29T16:12:31+09:00,86750,2201600,0,81812,1300500000,0
2025-09-29T16:12:41+09:00,86937,2201600,0,81906,1300500000,0
2025-09-29T16:12:51+09:00,86843,2201600,0,81937,1300500000,0
2025-09-29T16:13:01+09:00,86843,2201600,0,81781,1300500000,0
2025-09-29T16:13:11+09:00,87062,2201600,0,81906,1300500000,0
2025-09-29T16:13:21+09:00,86968,2201600,0,81843,1300500000,0
2025-09-29T16:13:31+09:00,86906,2201600,0,82125,1300500000,0
2025-09-29T16:13:41+09:00,87125,2201600,0,82281,1300500000,0
2025-09-29T16:13:51+09:00,87093,2201600,0,82031,1300500000,0
2025-09-29T16:14:01+09:00,87000,2201600,0,82062,1300500000,0
2025-09-29T16:14:11+09:00,87156,2201600,0,82218,1300500000,0
2025-09-29T16:14:21+09:00,87187,2201600,0,82187,1300500000,0
2025-09-29T16:14:31+09:00,87531,2201600,0,82500,1300500000,0
2025-09-29T16:14:42+09:00,87312,2201600,0,82468,1300500000,0
2025-09-29T16:14:52+09:00,87312,2201600,0,82281,1300500000,0
2025-09-29T16:15:02+09:00,87593,2201600,0,82375,1300500000,0
2025-09-29T16:15:12+09:00,87343,2201600,0,82406,1300500000,0
2025-09-29T16:15:22+09:00,87562,2201600,0,82718,1300500000,0
2025-09-29T16:15:32+09:00,87562,2201600,0,82750,1300500000,0
2025-09-29T16:15:42+09:00,87468,2201600,0,82718,1300500000,0
2025-09-29T16:15:52+09:00,87687,2201600,0,82843,1300500000,0
2025-09-29T16:16:02+09:00,87656,2201600,0,82687,1300500000,0
2025-09-29T16:16:12+09:00,87562,2201600,0,82718,1300500000,0
2025-09-29T16:16:22+09:00,87750,2201600,0,82718,1300500000,0
2025-09-29T16:16:32+09:00,87687,2201600,0,82625,1300500000,0
2025-09-29T16:16:42+09:00,87625,2201600,0,82718,1300500000,0
2025-09-29T16:16:52+09:00,87937,2201600,0,82750,1300500000,0
2025-09-29T16:17:02+09:00,87875,2201600,0,82937,1300500000,0
2025-09-29T16:17:12+09:00,88125,2201600,0,82937,1300500000,0
2025-09-29T16:17:22+09:00,88000,2201600,0,83000,1300500000,0
2025-09-29T16:17:32+09:00,87937,2201600,0,82875,1300500000,0
2025-09-29T16:17:42+09:00,88281,2201600,0,82968,1300500000,0
2025-09-29T16:17:52+09:00,88000,2201600,0,83000,1300500000,0
2025-09-29T16:18:02+09:00,88000,2201600,0,83000,1300500000,0
2025-09-29T16:18:12+09:00,88156,2201600,0,83000,1300500000,0
2025-09-29T16:18:22+09:00,88093,2201600,0,83375,1300500000,0
2025-09-29T16:18:32+09:00,88312,2201600,0,83343,1300500000,0
2025-09-29T16:18:42+09:00,88250,2201600,0,83406,1300500000,0
2025-09-29T16:18:52+09:00,88187,2201600,0,83125,1300500000,0
2025-09-29T16:19:02+09:00,88281,2201600,0,83125,1300500000,0
2025-09-29T16:19:12+09:00,88656,2201600,0,83187,1300500000,0
2025-09-29T16:19:22+09:00,88437,2201600,0,83125,1300500000,0
2025-09-29T16:19:32+09:00,88312,2201600,0,83281,1300500000,0
2025-09-29T16:19:42+09:00,88625,2201600,0,83281,1300500000,0
2025-09-29T16:19:52+09:00,88468,2201600,0,83468,1300500000,0
2025-09-29T16:20:02+09:00,88468,2201600,0,83500,1300500000,0
2025-09-29T16:20:12+09:00,88781,2201600,0,83562,1300500000,0
2025-09-29T16:20:22+09:00,88593,2201600,0,83500,1300500000,0
2025-09-29T16:20:32+09:00,88531,2201600,0,83562,1300500000,0
2025-09-29T16:20:42+09:00,88781,2201600,0,83718,1300500000,0
2025-09-29T16:20:52+09:00,88687,2201600,0,83812,1300500000,0
2025-09-29T16:21:02+09:00,88781,2201600,0,83906,1300500000,0
2025-09-29T16:21:12+09:00,88687,2201600,0,83687,1300500000,0
2025-09-29T16:21:22+09:00,89093,2201600,0,83687,1300500000,0
2025-09-29T16:21:32+09:00,88937,2201600,0,83718,1300500000,0
2025-09-29T16:21:42+09:00,88906,2201600,0,84093,1300500000,0
2025-09-29T16:21:52+09:00,89093,2201600,0,84125,1300500000,0
2025-09-29T16:22:02+09:00,88937,2201600,0,83718,1300500000,0
2025-09-29T16:22:12+09:00,88906,2201600,0,83906,1300500000,0
2025-09-29T16:22:22+09:00,89406,2201600,0,84062,1300500000,0
2025-09-29T16:22:32+09:00,89750,2201600,0,84093,1300500000,0
2025-09-29T16:22:42+09:00,89093,2201600,0,84000,1300500000,0
2025-09-29T16:22:52+09:00,89250,2201600,0,83906,1300500000,0
2025-09-29T16:23:02+09:00,89156,2201600,0,84031,1300500000,0
2025-09-29T16:23:12+09:00,89062,2201600,0,84093,1300500000,0
2025-09-29T16:23:22+09:00,89250,2201600,0,84187,1300500000,0
2025-09-29T16:23:32+09:00,89156,2201600,0,84187,1300500000,0
2025-09-29T16:23:42+09:00,89093,2201600,0,84062,1300500000,0
2025-09-29T16:23:52+09:00,89312,2201600,0,84000,1300500000,0
2025-09-29T16:24:02+09:00,89406,2201600,0,84281,1300500000,0
2025-09-29T16:24:12+09:00,89281,2201600,0,84375,1300500000,0
2025-09-29T16:24:22+09:00,89250,2201600,0,84406,1300500000,0
2025-09-29T16:24:32+09:00,89406,2201600,0,84250,1300500000,0
2025-09-29T16:24:42+09:00,89406,2201600,0,84343,1300500000,0
2025-09-29T16:24:52+09:00,89312,2201600,0,84250,1300500000,0
2025-09-29T16:25:02+09:00,89562,2201600,0,84656,1300500000,0
2025-09-29T16:25:12+09:00,89406,2201600,0,84656,1300500000,0
2025-09-29T16:25:22+09:00,89406,2201600,0,84312,1300500000,0
2025-09-29T16:25:32+09:00,89625,2201600,0,84437,1300500000,0
2025-09-29T16:25:42+09:00,89531,2201600,0,84437,1300500000,0
2025-09-29T16:25:52+09:00,89468,2201600,0,84312,1300500000,0
2025-09-29T16:26:02+09:00,89750,2201600,0,84375,1300500000,0
2025-09-29T16:26:12+09:00,89625,2201600,0,84343,1300500000,0
2025-09-29T16:26:22+09:00,89625,2201600,0,84468,1300500000,0
2025-09-29T16:26:32+09:00,89781,2201600,0,84625,1300500000,0
2025-09-29T16:26:42+09:00,89718,2201600,0,84718,1300500000,0
2025-09-29T16:26:52+09:00,89875,2201600,0,84718,1300500000,0
2025-09-29T16:27:02+09:00,89750,2201600,0,84500,1300500000,0
2025-09-29T16:27:12+09:00,89843,2201600,0,84656,1300500000,0
2025-09-29T16:27:22+09:00,89750,2201600,0,84656,1300500000,0
2025-09-29T16:27:32+09:00,89968,2201600,0,84656,1300500000,0
2025-09-29T16:27:42+09:00,90000,2201600,0,84968,1300500000,0
2025-09-29T16:27:52+09:00,89906,2201600,0,84968,1300500000,0
2025-09-29T16:28:02+09:00,89875,2201600,0,84968,1300500000,0
2025-09-29T16:28:12+09:00,90062,2201600,0,84843,1300500000,0
2025-09-29T16:28:22+09:00,89937,2201600,0,84875,1300500000,0
2025-09-29T16:28:32+09:00,89968,2201600,0,84843,1300500000,0
2025-09-29T16:28:42+09:00,90250,2201600,0,85218,1300500000,0
2025-09-29T16:28:52+09:00,90062,2201600,0,84687,1300500000,0
2025-09-29T16:29:02+09:00,89906,2201600,0,84906,1300500000,0
2025-09-29T16:29:12+09:00,90250,2201600,0,84937,1300500000,0
2025-09-29T16:29:22+09:00,90156,2201600,0,85062,1300500000,0
2025-09-29T16:29:32+09:00,90062,2201600,0,84875,1300500000,0
2025-09-29T16:29:42+09:00,90250,2201600,0,84875,1300500000,0
2025-09-29T16:29:52+09:00,90187,2201600,0,84906,1300500000,0
2025-09-29T16:30:02+09:00,90187,2201600,0,85187,1300500000,0
2025-09-29T16:30:12+09:00,90375,2201600,0,85218,1300500000,0
2025-09-29T16:30:22+09:00,90281,2201600,0,85218,1300500000,0
2025-09-29T16:30:32+09:00,90187,2201600,0,85156,1300500000,0
2025-09-29T16:30:42+09:00,90406,2201600,0,85062,1300500000,0
2025-09-29T16:30:52+09:00,90625,2201600,0,85093,1300500000,0
2025-09-29T16:31:02+09:00,90406,2201600,0,85375,1300500000,0
2025-09-29T16:31:12+09:00,90375,2201600,0,85437,1300500000,0
2025-09-29T16:31:22+09:00,90531,2201600,0,85468,1300500000,0
2025-09-29T16:31:32+09:00,91156,2201600,0,85625,1300500000,0
2025-09-29T16:31:42+09:00,90250,2201600,0,85468,1300500000,0
2025-09-29T16:31:52+09:00,90375,2201600,0,85343,1300500000,0
2025-09-29T16:32:02+09:00,90375,2201600,0,85406,1300500000,0
2025-09-29T16:32:12+09:00,90343,2201600,0,85343,1300500000,0
2025-09-29T16:32:22+09:00,90468,2201600,0,85375,1300500000,0
2025-09-29T16:32:32+09:00,90437,2201600,0,85468,1300500000,0
2025-09-29T16:32:42+09:00,90375,2201600,0,85593,1300500000,0
2025-09-29T16:32:52+09:00,90593,2201600,0,85750,1300500000,0
2025-09-29T16:33:02+09:00,90437,2201600,0,85718,1300500000,0
2025-09-29T16:33:12+09:00,90375,2201600,0,85781,1300500000,0
2025-09-29T16:33:22+09:00,90593,2201600,0,85812,1300500000,0
2025-09-29T16:33:32+09:00,90906,2201600,0,85937,1300500000,0
2025-09-29T16:33:42+09:00,90687,2201600,0,85843,1300500000,0
2025-09-29T16:33:52+09:00,90562,2201600,0,85968,1300500000,0
2025-09-29T16:34:02+09:00,90906,2201600,0,86125,1300500000,0
2025-09-29T16:34:12+09:00,90750,2201600,0,85812,1300500000,0
2025-09-29T16:34:22+09:00,90843,2201600,0,85937,1300500000,0
2025-09-29T16:34:32+09:00,90750,2201600,0,85968,1300500000,0
2025-09-29T16:34:42+09:00,90781,2201600,0,86375,1300500000,0
2025-09-29T16:34:52+09:00,91000,2201600,0,85843,1300500000,0
2025-09-29T16:35:02+09:00,90843,2201600,0,85937,1300500000,0
2025-09-29T16:35:12+09:00,90906,2201600,0,86093,1300500000,0
2025-09-29T16:35:22+09:00,91062,2201600,0,86125,1300500000,0
2025-09-29T16:35:32+09:00,91062,2201600,0,86281,1300500000,0
2025-09-29T16:35:43+09:00,90937,2201600,0,86343,1300500000,0
2025-09-29T16:35:53+09:00,91187,2201600,0,86125,1300500000,0
2025-09-29T16:36:03+09:00,91062,2201600,0,86156,1300500000,0
2025-09-29T16:36:13+09:00,90968,2201600,0,86250,1300500000,0
2025-09-29T16:36:23+09:00,91250,2201600,0,86218,1300500000,0
2025-09-29T16:36:33+09:00,91593,2201600,0,86500,1300500000,0
2025-09-29T16:36:43+09:00,91500,2201600,0,86531,1300500000,0
2025-09-29T16:36:53+09:00,91281,2201600,0,86531,1300500000,0
2025-09-29T16:37:03+09:00,91406,2201600,0,86375,1300500000,0
2025-09-29T16:37:13+09:00,91375,2201600,0,86468,1300500000,0
2025-09-29T16:37:23+09:00,91343,2201600,0,86468,1300500000,0
2025-09-29T16:37:33+09:00,91562,2201600,0,86562,1300500000,0
2025-09-29T16:37:43+09:00,91406,2201600,0,86843,1300500000,0
2025-09-29T16:37:53+09:00,91375,2201600,0,86906,1300500000,0
2025-09-29T16:38:03+09:00,91687,2201600,0,86437,1300500000,0
2025-09-29T16:38:13+09:00,91531,2201600,0,86593,1300500000,0
2025-09-29T16:38:23+09:00,91437,2201600,0,86718,1300500000,0
2025-09-29T16:38:33+09:00,91781,2201600,0,86750,1300500000,0
2025-09-29T16:38:43+09:00,91687,2201600,0,86593,1300500000,0
2025-09-29T16:38:53+09:00,91656,2201600,0,86593,1300500000,0
2025-09-29T16:39:03+09:00,91812,2201600,0,86718,1300500000,0
2025-09-29T16:39:13+09:00,91781,2201600,0,86906,1300500000,0
2025-09-29T16:39:23+09:00,91750,2201600,0,86937,1300500000,0
2025-09-29T16:39:33+09:00,91812,2201600,0,87062,1300500000,0
2025-09-29T16:39:43+09:00,91781,2201600,0,86812,1300500000,0
2025-09-29T16:39:53+09:00,92093,2201600,0,86843,1300500000,0
2025-09-29T16:40:03+09:00,92250,2201600,0,86937,1300500000,0
2025-09-29T16:40:13+09:00,91875,2201600,0,86968,1300500000,0
2025-09-29T16:40:23+09:00,92343,2201600,0,87156,1300500000,0
2025-09-29T16:40:33+09:00,91843,2201600,0,87343,1300500000,0
2025-09-29T16:40:43+09:00,91937,2201600,0,87125,1300500000,0
2025-09-29T16:40:53+09:00,92187,2201600,0,87093,1300500000,0
2025-09-29T16:41:03+09:00,91937,2201600,0,87375,1300500000,0
2025-09-29T16:41:13+09:00,92093,2201600,0,87406,1300500000,0
2025-09-29T16:41:23+09:00,91937,2201600,0,87031,1300500000,0
2025-09-29T16:41:33+09:00,92031,2201600,0,87187,1300500000,0
2025-09-29T16:41:43+09:00,92312,2201600,0,87406,1300500000,0
2025-09-29T16:41:53+09:00,92218,2201600,0,87343,1300500000,0
2025-09-29T16:42:03+09:00,92062,2201600,0,87187,1300500000,0
2025-09-29T16:42:13+09:00,90656,729600,0,87343,1300500000,0
2025-09-29T16:42:23+09:00,89875,729600,0,86656,1300500000,0
2025-09-29T16:42:33+09:00,89843,729600,0,86531,1300500000,0
2025-09-29T16:42:43+09:00,89437,1420800,0,86375,1300500000,0
2025-09-29T16:42:53+09:00,89468,1420800,0,86187,1300500000,0
2025-09-29T16:43:03+09:00,89406,1420800,0,86187,1300500000,0
2025-09-29T16:43:13+09:00,89375,1420800,0,86125,1300500000,0
2025-09-29T16:43:23+09:00,89375,1420800,0,86531,1300500000,0
2025-09-29T16:43:33+09:00,89281,729600,0,86406,1300500000,0
2025-09-29T16:43:43+09:00,89187,1420800,0,86343,1300500000,0
2025-09-29T16:43:53+09:00,89250,729600,0,86375,1300500000,0
2025-09-29T16:44:03+09:00,89250,869000,0,86343,1300500000,0
2025-09-29T16:44:13+09:00,89281,1420800,0,86062,1300500000,0
2025-09-29T16:44:23+09:00,89312,1420800,0,86031,1300500000,0
2025-09-29T16:44:33+09:00,89000,729600,0,86031,1300500000,0
2025-09-29T16:44:43+09:00,89000,1420800,0,85968,1300500000,0
2025-09-29T16:44:53+09:00,89031,1420800,0,85875,1300500000,0
2025-09-29T16:45:03+09:00,88968,729600,0,85937,1300500000,0
2025-09-29T16:45:13+09:00,88968,1420800,0,85843,1300500000,0
2025-09-29T16:45:23+09:00,89093,729600,0,85812,1300500000,0
2025-09-29T16:45:33+09:00,89156,1420800,0,86125,1300500000,0
2025-09-29T16:45:43+09:00,89312,729600,0,86000,1300500000,0
2025-09-29T16:45:53+09:00,88968,1420800,0,85968,1300500000,0
2025-09-29T16:46:03+09:00,89062,729600,0,86093,1300500000,0
2025-09-29T16:46:13+09:00,89031,729600,0,85937,1300500000,0
2025-09-29T16:46:23+09:00,88937,1420800,0,85843,1300500000,0
2025-09-29T16:46:33+09:00,88781,729600,0,85906,1300500000,0
2025-09-29T16:46:43+09:00,88812,729600,0,85781,1300500000,0
2025-09-29T16:46:53+09:00,88812,1420800,0,85625,1300500000,0
2025-09-29T16:47:03+09:00,88875,729600,0,85593,1300500000,0
2025-09-29T16:47:13+09:00,89000,2201600,0,85625,1300500000,0
2025-09-29T16:47:23+09:00,89062,1420800,0,85625,1300500000,0
2025-09-29T16:47:33+09:00,89031,976000,0,85531,1300500000,0
2025-09-29T16:47:43+09:00,88781,729600,0,85531,1300500000,0
2025-09-29T16:47:53+09:00,88843,729600,0,85625,1300500000,0
2025-09-29T16:48:03+09:00,88687,1420800,0,85625,1300500000,0
2025-09-29T16:48:13+09:00,88593,729600,0,85593,1300500000,0
2025-09-29T16:48:23+09:00,88593,729600,0,85625,1300500000,0
2025-09-29T16:48:33+09:00,88500,1420800,0,85593,1300500000,0
2025-09-29T16:48:43+09:00,88656,1420800,0,85625,1300500000,0
2025-09-29T16:48:53+09:00,88625,1420800,0,85500,1300500000,0
2025-09-29T16:49:03+09:00,88687,729600,0,85406,1300500000,0
2025-09-29T16:49:13+09:00,88562,1420800,0,85562,1300500000,0
2025-09-29T16:49:23+09:00,88562,1083000,0,85531,1300500000,0
2025-09-29T16:49:33+09:00,88625,729600,0,85437,1300500000,0
2025-09-29T16:49:43+09:00,88718,1420800,0,85500,1300500000,0
2025-09-29T16:49:53+09:00,88593,1420800,0,85468,1300500000,0
2025-09-29T16:50:03+09:00,88437,1420800,0,85406,1300500000,0
2025-09-29T16:50:13+09:00,88500,1420800,0,85437,1300500000,0
2025-09-29T16:50:23+09:00,88468,1420800,0,85406,1300500000,0
2025-09-29T16:50:34+09:00,88468,729600,0,85437,1300500000,0
2025-09-29T16:50:44+09:00,88468,729600,0,85375,1300500000,0
2025-09-29T16:50:54+09:00,88500,1420800,0,85437,1300500000,0
2025-09-29T16:51:04+09:00,88562,729600,0,85593,1300500000,0
2025-09-29T16:51:14+09:00,88687,1420800,0,85437,1300500000,0
2025-09-29T16:51:24+09:00,88375,729600,0,85562,1300500000,0
2025-09-29T16:51:34+09:00,88375,1420800,0,85437,1300500000,0
2025-09-29T16:51:44+09:00,88437,729600,0,85531,1300500000,0
2025-09-29T16:51:54+09:00,88500,1420800,0,85437,1300500000,0
2025-09-29T16:52:04+09:00,88656,729600,0,85156,1300500000,0
2025-09-29T16:52:14+09:00,88312,729600,0,85437,1300500000,0
2025-09-29T16:52:24+09:00,88406,729600,0,85250,1300500000,0
2025-09-29T16:52:34+09:00,88406,1420800,0,85312,1300500000,0
2025-09-29T16:52:44+09:00,88437,1420800,0,85218,1300500000,0
2025-09-29T16:52:54+09:00,88562,1420800,0,85250,1300500000,0
2025-09-29T16:53:04+09:00,88593,1420800,0,85156,1300500000,0
2025-09-29T16:53:14+09:00,88250,1420800,0,85156,1300500000,0
2025-09-29T16:53:24+09:00,88437,1420800,0,85156,1300500000,0
2025-09-29T16:53:34+09:00,88343,1420800,0,85375,1300500000,0
2025-09-29T16:53:44+09:00,88468,729600,0,85406,1300500000,0
2025-09-29T16:53:54+09:00,88250,729600,0,85281,1300500000,0
2025-09-29T16:54:04+09:00,88281,1420800,0,85187,1300500000,0
2025-09-29T16:54:14+09:00,90937,2201600,0,85625,1300500000,0
2025-09-29T16:54:24+09:00,91187,2201600,0,86093,1300500000,0
2025-09-29T16:54:34+09:00,91500,2201600,0,86187,1300500000,0
2025-09-29T16:54:44+09:00,91656,2201600,0,86312,1300500000,0
2025-09-29T16:54:54+09:00,91500,2201600,0,86250,1300500000,0
2025-09-29T16:55:04+09:00,91500,2201600,0,86312,1300500000,0
2025-09-29T16:55:14+09:00,91750,2201600,0,86375,1300500000,0
2025-09-29T16:55:24+09:00,91625,2201600,0,86625,1300500000,0
2025-09-29T16:55:34+09:00,91625,2201600,0,86750,1300500000,0
2025-09-29T16:55:44+09:00,91843,2201600,0,86687,1300500000,0
2025-09-29T16:55:54+09:00,91750,2201600,0,86843,1300500000,0
2025-09-29T16:56:04+09:00,91750,2201600,0,86625,1300500000,0
2025-09-29T16:56:14+09:00,91937,2201600,0,86781,1300500000,0
2025-09-29T16:56:24+09:00,92000,2201600,0,87093,1300500000,0
2025-09-29T16:56:34+09:00,91968,2201600,0,87062,1300500000,0
2025-09-29T16:56:44+09:00,92156,2201600,0,87218,1300500000,0
2025-09-29T16:56:54+09:00,92062,2201600,0,87000,1300500000,0
2025-09-29T16:57:04+09:00,91937,2201600,0,87062,1300500000,0
2025-09-29T16:57:14+09:00,92218,2201600,0,87093,1300500000,0
2025-09-29T16:57:24+09:00,92187,2201600,0,87031,1300500000,0
2025-09-29T16:57:34+09:00,92062,2201600,0,87000,1300500000,0
2025-09-29T16:57:44+09:00,92375,2201600,0,87062,1300500000,0
2025-09-29T16:57:54+09:00,92437,2201600,0,87187,1300500000,0
2025-09-29T16:58:04+09:00,92437,2201600,0,87312,1300500000,0
2025-09-29T16:58:14+09:00,92312,2201600,0,87375,1300500000,0
2025-09-29T16:58:24+09:00,92468,2201600,0,87281,1300500000,0
2025-09-29T16:58:34+09:00,92562,2201600,0,87250,1300500000,0
2025-09-29T16:58:44+09:00,92500,2201600,0,87468,1300500000,0
2025-09-29T16:58:54+09:00,92656,2201600,0,87562,1300500000,0
2025-09-29T16:59:04+09:00,92625,2201600,0,87656,1300500000,0
2025-09-29T16:59:14+09:00,92781,2201600,0,87718,1300500000,0
2025-09-29T16:59:24+09:00,92718,2201600,0,87718,1300500000,0
2025-09-29T16:59:34+09:00,92843,2201600,0,87781,1300500000,0
2025-09-29T16:59:44+09:00,92593,2201600,0,87781,1300500000,0
2025-09-29T16:59:54+09:00,92625,2201600,0,87906,1300500000,0
2025-09-29T17:00:04+09:00,93031,2201600,0,87531,1300500000,0
2025-09-29T17:00:14+09:00,92812,2201600,0,87531,1300500000,0
2025-09-29T17:00:24+09:00,92812,2201600,0,87687,1300500000,0
2025-09-29T17:00:34+09:00,92812,2201600,0,87468,1300500000,0
2025-09-29T17:00:44+09:00,92781,2201600,0,87656,1300500000,0
2025-09-29T17:00:54+09:00,92875,2201600,0,87562,1300500000,0
2025-09-29T17:01:04+09:00,92937,2201600,0,87687,1300500000,0
2025-09-29T17:01:14+09:00,92875,2201600,0,87937,1300500000,0
2025-09-29T17:01:24+09:00,93000,2201600,0,87968,1300500000,0
2025-09-29T17:01:34+09:00,93250,2201600,0,88062,1300500000,0
2025-09-29T17:01:44+09:00,93125,2201600,0,87750,1300500000,0
2025-09-29T17:01:54+09:00,93093,2201600,0,87781,1300500000,0
2025-09-29T17:02:04+09:00,93250,2201600,0,87875,1300500000,0
2025-09-29T17:02:14+09:00,94625,2201600,0,88312,1300500000,0
2025-09-29T17:02:24+09:00,93250,2201600,0,88281,1300500000,0
2025-09-29T17:02:34+09:00,93531,2201600,0,88375,1300500000,0
2025-09-29T17:02:44+09:00,93562,2201600,0,88406,1300500000,0
2025-09-29T17:02:54+09:00,93343,2201600,0,88062,1300500000,0
2025-09-29T17:03:04+09:00,93406,2201600,0,88125,1300500000,0
2025-09-29T17:03:14+09:00,93687,2201600,0,88125,1300500000,0
2025-09-29T17:03:24+09:00,93531,2201600,0,88218,1300500000,0
2025-09-29T17:03:34+09:00,93437,2201600,0,88250,1300500000,0
2025-09-29T17:03:44+09:00,93750,2201600,0,88250,1300500000,0
2025-09-29T17:03:54+09:00,93437,2201600,0,88218,1300500000,0
2025-09-29T17:04:04+09:00,93718,2201600,0,88343,1300500000,0
2025-09-29T17:04:14+09:00,93562,2201600,0,88406,1300500000,0
2025-09-29T17:04:24+09:00,93625,2201600,0,88343,1300500000,0
2025-09-29T17:04:34+09:00,93843,2201600,0,88531,1300500000,0
2025-09-29T17:04:44+09:00,93656,2201600,0,88687,1300500000,0
2025-09-29T17:04:54+09:00,93656,2201600,0,88687,1300500000,0
2025-09-29T17:05:04+09:00,93812,2201600,0,88500,1300500000,0
2025-09-29T17:05:14+09:00,93875,2201600,0,88562,1300500000,0
2025-09-29T17:05:24+09:00,93937,2201600,0,88531,1300500000,0
2025-09-29T17:05:34+09:00,93843,2201600,0,88906,1300500000,0
2025-09-29T17:05:44+09:00,94031,2201600,0,88968,1300500000,0
2025-09-29T17:05:54+09:00,94062,2201600,0,88625,1300500000,0
2025-09-29T17:06:04+09:00,93968,2201600,0,88750,1300500000,0
2025-09-29T17:06:14+09:00,94250,2201600,0,88843,1300500000,0
2025-09-29T17:06:24+09:00,94031,2201600,0,88875,1300500000,0
2025-09-29T17:06:34+09:00,94187,2201600,0,88875,1300500000,0
2025-09-29T17:06:44+09:00,94156,2201600,0,88906,1300500000,0
2025-09-29T17:06:54+09:00,94468,2201600,0,89031,1300500000,0
2025-09-29T17:07:04+09:00,94187,2201600,0,89031,1300500000,0
2025-09-29T17:07:14+09:00,94250,2201600,0,89093,1300500000,0
2025-09-29T17:07:24+09:00,94625,2201600,0,89312,1300500000,0
2025-09-29T17:07:34+09:00,94406,2201600,0,89187,1300500000,0
2025-09-29T17:07:44+09:00,94375,2201600,0,89343,1300500000,0
2025-09-29T17:07:54+09:00,94406,2201600,0,89281,1300500000,0
2025-09-29T17:08:04+09:00,94375,2201600,0,89437,1300500000,0
2025-09-29T17:08:14+09:00,94562,2201600,0,89375,1300500000,0
2025-09-29T17:08:24+09:00,94437,2201600,0,89500,1300500000,0
2025-09-29T17:08:34+09:00,94406,2201600,0,89031,1300500000,0
2025-09-29T17:08:45+09:00,94343,2201600,0,89062,1300500000,0
2025-09-29T17:08:55+09:00,94687,2201600,0,89187,1300500000,0
2025-09-29T17:09:05+09:00,94531,2201600,0,89125,1300500000,0
2025-09-29T17:09:15+09:00,94562,2201600,0,89281,1300500000,0
2025-09-29T17:09:25+09:00,94750,2201600,0,89281,1300500000,0
2025-09-29T17:09:35+09:00,94750,2201600,0,89156,1300500000,0
2025-09-29T17:09:45+09:00,94750,2201600,0,89281,1300500000,0
2025-09-29T17:09:55+09:00,94625,2201600,0,89375,1300500000,0
2025-09-29T17:10:05+09:00,94781,2201600,0,89343,1300500000,0
2025-09-29T17:10:15+09:00,94843,2201600,0,89437,1300500000,0
2025-09-29T17:10:25+09:00,94937,2201600,0,89750,1300500000,0
2025-09-29T17:10:35+09:00,94937,2201600,0,89656,1300500000,0
2025-09-29T17:10:45+09:00,94781,2201600,0,89812,1300500000,0
2025-09-29T17:10:55+09:00,94968,2201600,0,89531,1300500000,0
2025-09-29T17:11:05+09:00,94875,2201600,0,89531,1300500000,0
2025-09-29T17:11:15+09:00,94843,2201600,0,89625,1300500000,0
2025-09-29T17:11:25+09:00,94968,2201600,0,89562,1300500000,0
2025-09-29T17:11:35+09:00,94968,2201600,0,89531,1300500000,0
2025-09-29T17:11:45+09:00,95000,2201600,0,89812,1300500000,0
2025-09-29T17:11:55+09:00,95218,2201600,0,89812,1300500000,0
2025-09-29T17:12:05+09:00,95125,2201600,0,89906,1300500000,0
2025-09-29T17:12:15+09:00,95000,2201600,0,89875,1300500000,0
2025-09-29T17:12:25+09:00,95218,2201600,0,89750,1300500000,0
2025-09-29T17:12:35+09:00,95218,2201600,0,89812,1300500000,0
2025-09-29T17:12:45+09:00,95156,2201600,0,89875,1300500000,0
2025-09-29T17:12:55+09:00,95343,2201600,0,90062,1300500000,0
2025-09-29T17:13:05+09:00,95187,2201600,0,90125,1300500000,0
2025-09-29T17:13:15+09:00,95593,2201600,0,90187,1300500000,0
2025-09-29T17:13:25+09:00,95406,2201600,0,89968,1300500000,0
2025-09-29T17:13:35+09:00,95343,2201600,0,90000,1300500000,0
2025-09-29T17:13:45+09:00,95531,2201600,0,90000,1300500000,0
2025-09-29T17:13:55+09:00,95500,2201600,0,90156,1300500000,0
2025-09-29T17:14:05+09:00,95312,2201600,0,90187,1300500000,0
2025-09-29T17:14:15+09:00,95656,2201600,0,90500,1300500000,0
2025-09-29T17:14:25+09:00,95437,2201600,0,90500,1300500000,0
2025-09-29T17:14:35+09:00,95437,2201600,0,90093,1300500000,0
2025-09-29T17:14:45+09:00,95687,2201600,0,90250,1300500000,0
2025-09-29T17:14:55+09:00,95593,2201600,0,90218,1300500000,0
2025-09-29T17:15:05+09:00,95468,2201600,0,90250,1300500000,0
2025-09-29T17:15:15+09:00,95500,2201600,0,90187,1300500000,0
2025-09-29T17:15:25+09:00,95656,2201600,0,90218,1300500000,0
2025-09-29T17:15:35+09:00,95687,2201600,0,90250,1300500000,0
2025-09-29T17:15:45+09:00,95718,2201600,0,90406,1300500000,0
2025-09-29T17:15:55+09:00,95562,2201600,0,90468,1300500000,0
2025-09-29T17:16:05+09:00,95812,2201600,0,90468,1300500000,0
2025-09-29T17:16:15+09:00,95718,2201600,0,90281,1300500000,0
2025-09-29T17:16:25+09:00,95875,2201600,0,90375,1300500000,0
2025-09-29T17:16:35+09:00,95812,2201600,0,90468,1300500000,0
2025-09-29T17:16:45+09:00,95718,2201600,0,90687,1300500000,0
2025-09-29T17:16:55+09:00,96093,2201600,0,90781,1300500000,0
2025-09-29T17:17:05+09:00,95937,2201600,0,90687,1300500000,0
2025-09-29T17:17:15+09:00,95750,2201600,0,90500,1300500000,0
2025-09-29T17:17:25+09:00,96000,2201600,0,90531,1300500000,0
2025-09-29T17:17:35+09:00,96093,2201600,0,90937,1300500000,0
2025-09-29T17:17:45+09:00,95843,2201600,0,90968,1300500000,0
2025-09-29T17:17:55+09:00,96156,2201600,0,90562,1300500000,0
2025-09-29T17:18:05+09:00,95312,2201600,0,89000,306000000,0
2025-09-29T17:18:15+09:00,95218,2201600,0,88906,306000000,0
2025-09-29T17:18:25+09:00,95125,2201600,0,88781,306000000,0
2025-09-29T17:18:35+09:00,94906,2201600,0,88968,306000000,0
2025-09-29T17:18:45+09:00,95093,2201600,0,88812,306000000,0
2025-09-29T17:18:55+09:00,95218,2201600,0,88812,306000000,0
2025-09-29T17:19:05+09:00,94968,2201600,0,88531,306000000,0
2025-09-29T17:19:15+09:00,94812,2201600,0,88625,306000000,0
2025-09-29T17:19:25+09:00,94937,2201600,0,88656,306000000,0
2025-09-29T17:19:35+09:00,95156,2201600,0,88593,306000000,0
2025-09-29T17:19:45+09:00,94812,2201600,0,88593,306000000,0
2025-09-29T17:19:55+09:00,94656,2201600,0,88656,306000000,0
2025-09-29T17:20:05+09:00,94875,2201600,0,88437,306000000,0
2025-09-29T17:20:15+09:00,94718,2201600,0,88406,306000000,0
2025-09-29T17:20:25+09:00,94718,2201600,0,88187,306000000,0
2025-09-29T17:20:35+09:00,94718,2201600,0,88437,306000000,0
2025-09-29T17:20:45+09:00,94843,2201600,0,88187,306000000,0
2025-09-29T17:20:55+09:00,94750,2201600,0,88437,306000000,0
2025-09-29T17:21:05+09:00,94656,2201600,0,88187,306000000,0
2025-09-29T17:21:15+09:00,94656,2201600,0,88437,306000000,0
2025-09-29T17:21:25+09:00,94468,2201600,0,88125,306000000,0
2025-09-29T17:21:35+09:00,94593,2201600,0,88312,306000000,0
2025-09-29T17:21:45+09:00,94625,2201600,0,88062,306000000,0
2025-09-29T17:21:55+09:00,94437,2201600,0,88062,306000000,0
2025-09-29T17:22:05+09:00,94375,2201600,0,88281,306000000,0
2025-09-29T17:22:15+09:00,94718,2201600,0,88187,306000000,0
2025-09-29T17:22:25+09:00,94656,2201600,0,88218,306000000,0
2025-09-29T17:22:35+09:00,94312,2201600,0,88062,306000000,0
2025-09-29T17:22:45+09:00,94343,2201600,0,88125,306000000,0
2025-09-29T17:22:55+09:00,94468,2201600,0,87906,306000000,0
2025-09-29T17:23:05+09:00,94250,2201600,0,87968,306000000,0
2025-09-29T17:23:15+09:00,94562,2201600,0,88062,306000000,0
2025-09-29T17:23:25+09:00,95187,2201600,0,87968,306000000,0
2025-09-29T17:23:35+09:00,94750,2201600,0,89656,1300500000,0
2025-09-29T17:23:45+09:00,95093,2201600,0,89875,1300500000,0
2025-09-29T17:23:55+09:00,95156,2201600,0,90000,1300500000,0
2025-09-29T17:24:05+09:00,95156,2201600,0,90000,1300500000,0
2025-09-29T17:24:15+09:00,95343,2201600,0,90000,1300500000,0
2025-09-29T17:24:25+09:00,95437,2201600,0,90000,1300500000,0
2025-09-29T17:24:35+09:00,95437,2201600,0,90281,1300500000,0
2025-09-29T17:24:45+09:00,95406,2201600,0,90281,1300500000,0
2025-09-29T17:24:55+09:00,95468,2201600,0,90437,1300500000,0
2025-09-29T17:25:05+09:00,95406,2201600,0,90406,1300500000,0
2025-09-29T17:25:15+09:00,95406,2201600,0,90218,1300500000,0
2025-09-29T17:25:25+09:00,95593,2201600,0,90375,1300500000,0
2025-09-29T17:25:35+09:00,95500,2201600,0,90312,1300500000,0
2025-09-29T17:25:45+09:00,95531,2201600,0,90562,1300500000,0
2025-09-29T17:25:55+09:00,95687,2201600,0,90656,1300500000,0
2025-09-29T17:26:05+09:00,95625,2201600,0,90718,1300500000,0
2025-09-29T17:26:15+09:00,95687,2201600,0,90468,1300500000,0
2025-09-29T17:26:25+09:00,95937,2201600,0,90562,1300500000,0
2025-09-29T17:26:35+09:00,95625,2201600,0,90406,1300500000,0
2025-09-29T17:26:45+09:00,95750,2201600,0,90500,1300500000,0
2025-09-29T17:26:55+09:00,95718,2201600,0,90750,1300500000,0
2025-09-29T17:27:05+09:00,95937,2201600,0,90531,1300500000,0
2025-09-29T17:27:15+09:00,95875,2201600,0,90656,1300500000,0
2025-09-29T17:27:25+09:00,95937,2201600,0,90687,1300500000,0
2025-09-29T17:27:35+09:00,95906,2201600,0,90593,1300500000,0
2025-09-29T17:27:45+09:00,96093,2201600,0,90812,1300500000,0
2025-09-29T17:27:55+09:00,96031,2201600,0,90718,1300500000,0
2025-09-29T17:28:05+09:00,95968,2201600,0,90906,1300500000,0
2025-09-29T17:28:15+09:00,96187,2201600,0,91062,1300500000,0
2025-09-29T17:28:25+09:00,96031,2201600,0,90781,1300500000,0
2025-09-29T17:28:35+09:00,96031,2201600,0,90843,1300500000,0
2025-09-29T17:28:45+09:00,96312,2201600,0,91093,1300500000,0
2025-09-29T17:28:56+09:00,96187,2201600,0,91062,1300500000,0
2025-09-29T17:29:06+09:00,96218,2201600,0,91125,1300500000,0
2025-09-29T17:29:16+09:00,96437,2201600,0,90968,1300500000,0
2025-09-29T17:29:26+09:00,96250,2201600,0,91031,1300500000,0
2025-09-29T17:29:36+09:00,96218,2201600,0,91000,1300500000,0
2025-09-29T17:29:46+09:00,96406,2201600,0,91218,1300500000,0
2025-09-29T17:29:56+09:00,96312,2201600,0,91406,1300500000,0
2025-09-29T17:30:06+09:00,96187,2201600,0,91406,1300500000,0
2025-09-29T17:30:16+09:00,96375,2201600,0,91031,1300500000,0
2025-09-29T17:30:26+09:00,96218,2201600,0,91218,1300500000,0
2025-09-29T17:30:36+09:00,96343,2201600,0,91125,1300500000,0
2025-09-29T17:30:46+09:00,96406,2201600,0,91281,1300500000,0
2025-09-29T17:30:56+09:00,96250,2201600,0,91187,1300500000,0
2025-09-29T17:31:06+09:00,96375,2201600,0,91125,1300500000,0
2025-09-29T17:31:16+09:00,96593,2201600,0,91281,1300500000,0
2025-09-29T17:31:26+09:00,96437,2201600,0,91312,1300500000,0
2025-09-29T17:31:36+09:00,96437,2201600,0,91437,1300500000,0
2025-09-29T17:31:46+09:00,96625,2201600,0,91500,1300500000,0
2025-09-29T17:31:56+09:00,96562,2201600,0,91531,1300500000,0
2025-09-29T17:32:06+09:00,96531,2201600,0,91406,1300500000,0
2025-09-29T17:32:16+09:00,96687,2201600,0,91437,1300500000,0
2025-09-29T17:32:26+09:00,96468,2201600,0,91437,1300500000,0
2025-09-29T17:32:36+09:00,96968,2201600,0,91656,1300500000,0
2025-09-29T17:32:46+09:00,96687,2201600,0,91718,1300500000,0
2025-09-29T17:32:56+09:00,96687,2201600,0,91750,1300500000,0
2025-09-29T17:33:06+09:00,96843,2201600,0,91593,1300500000,0
2025-09-29T17:33:16+09:00,96687,2201600,0,91593,1300500000,0
2025-09-29T17:33:26+09:00,97187,2201600,0,91843,1300500000,0
2025-09-29T17:33:36+09:00,96968,2201600,0,91906,1300500000,0
2025-09-29T17:33:46+09:00,96812,2201600,0,91937,1300500000,0
2025-09-29T17:33:56+09:00,96968,2201600,0,91468,1300500000,0
2025-09-29T17:34:06+09:00,96937,2201600,0,91750,1300500000,0
2025-09-29T17:34:16+09:00,96906,2201600,0,91750,1300500000,0
2025-09-29T17:34:26+09:00,97093,2201600,0,91843,1300500000,0
2025-09-29T17:34:36+09:00,97031,2201600,0,91656,1300500000,0
2025-09-29T17:34:46+09:00,96843,2201600,0,91781,1300500000,0
2025-09-29T17:34:56+09:00,97093,2201600,0,91687,1300500000,0
2025-09-29T17:35:06+09:00,96937,2201600,0,91937,1300500000,0
2025-09-29T17:35:16+09:00,97281,2201600,0,91937,1300500000,0
2025-09-29T17:35:26+09:00,97156,2201600,0,92125,1300500000,0
2025-09-29T17:35:36+09:00,96937,2201600,0,91843,1300500000,0
2025-09-29T17:35:46+09:00,97437,2201600,0,91906,1300500000,0
2025-09-29T17:35:56+09:00,97125,2201600,0,91937,1300500000,0
2025-09-29T17:36:06+09:00,97156,2201600,0,92156,1300500000,0
2025-09-29T17:36:16+09:00,97437,2201600,0,92312,1300500000,0
2025-09-29T17:36:26+09:00,97156,2201600,0,92218,1300500000,0
2025-09-29T17:36:36+09:00,97281,2201600,0,92093,1300500000,0
2025-09-29T17:36:46+09:00,97468,2201600,0,92156,1300500000,0
2025-09-29T17:36:56+09:00,97343,2201600,0,92187,1300500000,0
2025-09-29T17:37:06+09:00,97218,2201600,0,92218,1300500000,0
2025-09-29T17:37:16+09:00,97406,2201600,0,92031,1300500000,0
2025-09-29T17:37:26+09:00,97343,2201600,0,92062,1300500000,0
2025-09-29T17:37:36+09:00,97406,2201600,0,92093,1300500000,0
2025-09-29T17:37:46+09:00,97531,2201600,0,92281,1300500000,0
2025-09-29T17:37:56+09:00,97406,2201600,0,92343,1300500000,0
2025-09-29T17:38:06+09:00,97625,2201600,0,92312,1300500000,0
2025-09-29T17:38:16+09:00,97531,2201600,0,92312,1300500000,0
2025-09-29T17:38:26+09:00,98250,2201600,0,92218,1300500000,0
2025-09-29T17:38:36+09:00,98000,2201600,0,92343,1300500000,0
2025-09-29T17:38:46+09:00,97562,2201600,0,92562,1300500000,0
2025-09-29T17:38:56+09:00,97718,2201600,0,92593,1300500000,0
2025-09-29T17:39:06+09:00,97593,2201600,0,92531,1300500000,0
2025-09-29T17:39:16+09:00,97500,2201600,0,92562,1300500000,0
2025-09-29T17:39:26+09:00,97750,2201600,0,92312,1300500000,0
2025-09-29T17:39:36+09:00,97562,2201600,0,92406,1300500000,0
2025-09-29T17:39:46+09:00,97625,2201600,0,92656,1300500000,0
2025-09-29T17:39:56+09:00,97812,2201600,0,92406,1300500000,0
2025-09-29T17:40:06+09:00,97656,2201600,0,92406,1300500000,0
2025-09-29T17:40:16+09:00,97531,2201600,0,92500,1300500000,0
2025-09-29T17:40:26+09:00,97843,2201600,0,92468,1300500000,0
2025-09-29T17:40:36+09:00,97687,2201600,0,92500,1300500000,0
2025-09-29T17:40:46+09:00,97687,2201600,0,92625,1300500000,0
2025-09-29T17:40:56+09:00,97843,2201600,0,92562,1300500000,0
2025-09-29T17:41:06+09:00,97625,2201600,0,92593,1300500000,0
2025-09-29T17:41:16+09:00,97843,2201600,0,92687,1300500000,0
2025-09-29T17:41:26+09:00,97750,2201600,0,92500,1300500000,0
2025-09-29T17:41:36+09:00,97687,2201600,0,92750,1300500000,0
2025-09-29T17:41:46+09:00,97906,2201600,0,92812,1300500000,0
2025-09-29T17:41:56+09:00,97687,2201600,0,92781,1300500000,0
2025-09-29T17:42:06+09:00,98187,2201600,0,92875,1300500000,0
2025-09-29T17:42:16+09:00,98125,2201600,0,92781,1300500000,0
2025-09-29T17:42:26+09:00,98031,2201600,0,92750,1300500000,0
2025-09-29T17:42:36+09:00,98156,2201600,0,92812,1300500000,0
2025-09-29T17:42:46+09:00,98125,2201600,0,92750,1300500000,0
2025-09-29T17:42:56+09:00,98156,2201600,0,93093,1300500000,0
2025-09-29T17:43:06+09:00,98531,2201600,0,93187,1300500000,0
2025-09-29T17:43:16+09:00,98093,2201600,0,93250,1300500000,0
2025-09-29T17:43:26+09:00,98093,2201600,0,92906,1300500000,0
2025-09-29T17:43:36+09:00,98375,2201600,0,92875,1300500000,0
2025-09-29T17:43:46+09:00,98125,2201600,0,93031,1300500000,0
2025-09-29T17:43:56+09:00,98125,2201600,0,93031,1300500000,0
2025-09-29T17:44:06+09:00,98312,2201600,0,92906,1300500000,0
2025-09-29T17:44:16+09:00,98125,2201600,0,93000,1300500000,0
2025-09-29T17:44:26+09:00,98187,2201600,0,93187,1300500000,0
2025-09-29T17:44:36+09:00,98250,2201600,0,93312,1300500000,0
2025-09-29T17:44:46+09:00,98625,2201600,0,93218,1300500000,0
2025-09-29T17:44:56+09:00,98375,2201600,0,93062,1300500000,0
2025-09-29T17:45:06+09:00,98375,2201600,0,93156,1300500000,0
2025-09-29T17:45:16+09:00,98625,2201600,0,93093,1300500000,0
2025-09-29T17:45:26+09:00,98406,2201600,0,93250,1300500000,0
2025-09-29T17:45:36+09:00,98312,2201600,0,93375,1300500000,0
2025-09-29T17:45:46+09:00,98593,2201600,0,93500,1300500000,0
2025-09-29T17:45:56+09:00,98406,2201600,0,93500,1300500000,0
2025-09-29T17:46:06+09:00,98375,2201600,0,93312,1300500000,0
2025-09-29T17:46:16+09:00,98593,2201600,0,93343,1300500000,0
2025-09-29T17:46:26+09:00,98406,2201600,0,93375,1300500000,0
2025-09-29T17:46:36+09:00,98437,2201600,0,93656,1300500000,0
2025-09-29T17:46:46+09:00,98687,2201600,0,93281,1300500000,0
2025-09-29T17:46:56+09:00,98468,2201600,0,93250,1300500000,0
2025-09-29T17:47:06+09:00,98468,2201600,0,93437,1300500000,0
2025-09-29T17:47:16+09:00,98968,2201600,0,93375,1224000000,0
2025-09-29T17:47:26+09:00,98656,2201600,0,93500,1300500000,0
2025-09-29T17:47:36+09:00,98687,2201600,0,93500,1300500000,0
2025-09-29T17:47:46+09:00,98906,2201600,0,93375,1224000000,0
2025-09-29T17:47:56+09:00,98718,2201600,0,93375,1224000000,0
2025-09-29T17:48:06+09:00,98906,2201600,0,93437,1224000000,0
2025-09-29T17:48:16+09:00,98812,2201600,0,93375,1224000000,0
2025-09-29T17:48:26+09:00,99062,2188800,1,93406,1224000000,0
2025-09-29T17:48:36+09:00,98937,2201600,0,93468,1300500000,0
2025-09-29T17:48:46+09:00,98843,2201600,0,93375,1224000000,0
2025-09-29T17:48:56+09:00,99125,2188800,1,93625,1224000000,0
2025-09-29T17:49:06+09:00,98906,2201600,0,93687,1224000000,0
2025-09-29T17:49:16+09:00,98875,2201600,0,93500,1224000000,0
2025-09-29T17:49:26+09:00,99062,2188800,1,93437,1224000000,0
2025-09-29T17:49:36+09:00,99031,2188800,1,93468,1224000000,0
2025-09-29T17:49:46+09:00,98906,2201600,0,93781,1224000000,0
2025-09-29T17:49:56+09:00,99062,2188800,1,93593,1224000000,0
2025-09-29T17:50:06+09:00,98812,2201600,0,93531,1300500000,0
2025-09-29T17:50:17+09:00,99218,2188800,1,93562,1224000000,0
2025-09-29T17:50:27+09:00,98937,2201600,0,93406,1224000000,0
2025-09-29T17:50:37+09:00,99343,2188800,1,93500,1224000000,0
2025-09-29T17:50:47+09:00,99093,2188800,1,93468,1224000000,0
2025-09-29T17:50:57+09:00,99093,2188800,1,93437,1224000000,0
2025-09-29T17:51:07+09:00,99343,2188800,1,93687,1224000000,0
2025-09-29T17:51:17+09:00,99125,2188800,1,93750,1224000000,0
2025-09-29T17:51:27+09:00,99125,2188800,1,93781,1224000000,0
2025-09-29T17:51:37+09:00,99250,2188800,1,93812,1224000000,0
2025-09-29T17:51:47+09:00,99093,2188800,1,93531,1224000000,0
2025-09-29T17:51:57+09:00,98937,2201600,0,93625,1224000000,0
2025-09-29T17:52:07+09:00,99312,2188800,1,93593,1224000000,0
2025-09-29T17:52:17+09:00,99281,2188800,1,94062,1224000000,0
2025-09-29T17:52:27+09:00,98906,2112000,0,93718,1122000000,0
2025-09-29T17:52:37+09:00,99062,2112000,1,93687,1122000000,0
2025-09-29T17:52:47+09:00,98875,2188800,0,93343,1122000000,0
2025-09-29T17:52:57+09:00,98906,2188800,0,93500,1122000000,0
2025-09-29T17:53:07+09:00,99062,2112000,1,93375,1122000000,0
2025-09-29T17:53:17+09:00,99062,2112000,1,93750,1122000000,0
2025-09-29T17:53:27+09:00,98906,2188800,1,93750,1122000000,0
2025-09-29T17:53:37+09:00,99093,2112000,1,93437,1122000000,0
2025-09-29T17:53:47+09:00,99000,2188800,1,93468,1122000000,0
2025-09-29T17:53:57+09:00,99031,2112000,1,93343,1122000000,0
2025-09-29T17:54:07+09:00,98906,2188800,0,93375,1122000000,0
2025-09-29T17:54:17+09:00,99187,2112000,1,93562,1122000000,0
2025-09-29T17:54:27+09:00,98937,2188800,0,93500,1122000000,0
2025-09-29T17:54:37+09:00,98906,2188800,0,93500,1122000000,0
2025-09-29T17:54:47+09:00,99125,2112000,1,93375,1122000000,0
2025-09-29T17:54:57+09:00,99000,2188800,0,93375,1122000000,0
2025-09-29T17:55:07+09:00,98937,2188800,1,93468,1122000000,0
2025-09-29T17:55:17+09:00,99093,2112000,0,93656,1122000000,0
2025-09-29T17:55:27+09:00,99031,2112000,1,93656,1122000000,0
2025-09-29T17:55:37+09:00,99093,2112000,1,93406,1122000000,0
2025-09-29T17:55:47+09:00,98875,2188800,0,93406,1122000000,0
2025-09-29T17:55:57+09:00,99312,2112000,1,93437,1122000000,0
2025-09-29T17:56:07+09:00,99062,2112000,1,93687,1122000000,0
2025-09-29T17:56:17+09:00,98968,2188800,0,93812,1122000000,0
2025-09-29T17:56:27+09:00,99218,2112000,1,93437,1122000000,0
2025-09-29T17:56:37+09:00,98937,2188800,0,93562,1122000000,0
2025-09-29T17:56:47+09:00,99000,2112000,1,93500,1122000000,0
2025-09-29T17:56:57+09:00,99187,2112000,1,93625,1122000000,0
2025-09-29T17:57:07+09:00,99187,2112000,1,93593,1122000000,0
2025-09-29T17:57:17+09:00,98968,2188800,0,93656,1122000000,0
2025-09-29T17:57:27+09:00,99281,2112000,1,93750,1122000000,0
2025-09-29T17:57:37+09:00,99000,2112000,1,93656,1122000000,0
2025-09-29T17:57:47+09:00,99093,2112000,1,93687,1122000000,0
2025-09-29T17:57:57+09:00,98968,2188800,0,93718,1122000000,0
2025-09-29T17:58:07+09:00,99031,2112000,1,93625,1122000000,0
2025-09-29T17:58:17+09:00,99093,2112000,1,93437,1122000000,0
2025-09-29T17:58:27+09:00,98906,2188800,0,93593,1122000000,0
2025-09-29T17:58:37+09:00,99000,2188800,0,93562,1122000000,0
2025-09-29T17:58:47+09:00,99031,2112000,1,93531,1122000000,0
2025-09-29T17:58:57+09:00,99031,2112000,1,93593,1122000000,0
2025-09-29T17:59:07+09:00,99031,2112000,1,93531,1122000000,0
2025-09-29T17:59:17+09:00,99031,2112000,1,93562,1122000000,0
2025-09-29T17:59:27+09:00,99156,2112000,1,93625,1122000000,0
2025-09-29T17:59:37+09:00,99093,2112000,1,93562,1122000000,0
2025-09-29T17:59:47+09:00,99000,2112000,1,93687,1122000000,0
2025-09-29T17:59:57+09:00,99156,2112000,1,93656,1122000000,0
2025-09-29T18:00:07+09:00,99093,2112000,1,93687,1122000000,0
2025-09-29T18:00:17+09:00,98968,2188800,0,93750,1122000000,0
2025-09-29T18:00:27+09:00,99093,2112000,1,93562,1122000000,0
2025-09-29T18:00:37+09:00,98937,2188800,0,93562,1122000000,0
2025-09-29T18:00:47+09:00,99000,2188800,0,93500,1122000000,0
2025-09-29T18:00:57+09:00,99218,2112000,1,93750,1122000000,0
2025-09-29T18:01:07+09:00,99031,2112000,1,93781,1122000000,0
2025-09-29T18:01:17+09:00,98968,2188800,0,93562,1122000000,0
2025-09-29T18:01:27+09:00,99093,2112000,1,93531,1122000000,0
2025-09-29T18:01:37+09:00,98968,2188800,0,93718,1122000000,0
2025-09-29T18:01:47+09:00,99000,2112000,1,93875,1122000000,0
2025-09-29T18:01:57+09:00,99125,2112000,1,93906,1122000000,0
2025-09-29T18:02:07+09:00,98968,2188800,1,93875,1122000000,0
2025-09-29T18:02:17+09:00,99031,2112000,1,93625,1122000000,0
2025-09-29T18:02:27+09:00,99031,2112000,1,93718,1122000000,0
2025-09-29T18:02:37+09:00,99343,2112000,1,93781,1122000000,0
2025-09-29T18:02:47+09:00,99093,2112000,1,94000,1122000000,0
2025-09-29T18:02:57+09:00,99062,2112000,1,93562,1122000000,0
2025-09-29T18:03:07+09:00,99187,2112000,1,93593,1122000000,0
2025-09-29T18:03:17+09:00,99062,2112000,1,93687,1122000000,0
2025-09-29T18:03:27+09:00,99031,2112000,1,93781,1122000000,0
2025-09-29T18:03:37+09:00,99093,2112000,1,93593,1122000000,0
2025-09-29T18:03:47+09:00,99031,2112000,1,93593,1122000000,0
2025-09-29T18:03:57+09:00,98968,2188800,0,93625,1122000000,0
2025-09-29T18:04:07+09:00,99218,2112000,1,93718,1122000000,0
2025-09-29T18:04:17+09:00,99031,2112000,1,93750,1122000000,0
2025-09-29T18:04:27+09:00,99031,2112000,1,93812,1122000000,0
2025-09-29T18:04:37+09:00,99187,2112000,1,93593,1122000000,0
2025-09-29T18:04:47+09:00,99062,2112000,1,93656,1122000000,0
2025-09-29T18:04:57+09:00,99000,2112000,1,93656,1122000000,0
2025-09-29T18:05:07+09:00,99031,2112000,1,93812,1122000000,0
2025-09-29T18:05:17+09:00,99187,2112000,1,93875,1122000000,0
2025-09-29T18:05:27+09:00,99125,2112000,1,93687,1122000000,0
2025-09-29T18:05:37+09:00,99031,2112000,1,93687,1122000000,0
2025-09-29T18:05:47+09:00,99250,2112000,1,93687,1122000000,0
2025-09-29T18:05:57+09:00,99093,2112000,1,93968,1122000000,0
2025-09-29T18:06:07+09:00,99031,2112000,1,94031,1122000000,0
2025-09-29T18:06:17+09:00,99218,2112000,1,93968,1122000000,0
2025-09-29T18:06:27+09:00,99000,2112000,1,93812,1122000000,0
2025-09-29T18:06:37+09:00,98968,2188800,0,93718,1122000000,0
2025-09-29T18:06:47+09:00,99031,2112000,1,93500,1122000000,0
2025-09-29T18:06:57+09:00,99125,2112000,1,93593,1122000000,0
2025-09-29T18:07:07+09:00,98968,2188800,1,93562,1122000000,0
2025-09-29T18:07:17+09:00,99062,2112000,1,93781,1122000000,0
2025-09-29T18:07:27+09:00,99156,2112000,1,93812,1122000000,0
2025-09-29T18:07:37+09:00,99000,2112000,1,93812,1122000000,0
2025-09-29T18:07:47+09:00,99093,2112000,1,93781,1122000000,0
2025-09-29T18:07:57+09:00,99093,2112000,1,93687,1122000000,0
2025-09-29T18:08:07+09:00,99062,2112000,1,93562,1122000000,0
2025-09-29T18:08:17+09:00,99031,2112000,1,93625,1122000000,0
2025-09-29T18:08:27+09:00,99187,2112000,1,93812,1122000000,0
2025-09-29T18:08:37+09:00,99125,2112000,1,93875,1122000000,0
2025-09-29T18:08:47+09:00,99000,2112000,1,93875,1122000000,0
2025-09-29T18:08:57+09:00,99156,2112000,1,93812,1122000000,0
2025-09-29T18:09:07+09:00,99093,2112000,1,93625,1122000000,0
2025-09-29T18:09:17+09:00,99093,2112000,1,93656,1122000000,0
2025-09-29T18:09:27+09:00,99093,2112000,1,93968,1122000000,0
2025-09-29T18:09:37+09:00,99062,2112000,1,93937,1122000000,0
2025-09-29T18:09:47+09:00,99000,2112000,1,93562,1122000000,0
2025-09-29T18:09:57+09:00,99187,2112000,1,93718,1122000000,0
2025-09-29T18:10:07+09:00,99062,2112000,1,93812,1122000000,0
2025-09-29T18:10:17+09:00,99062,2112000,1,93843,1122000000,0
2025-09-29T18:10:27+09:00,99187,2112000,1,93593,1122000000,0
2025-09-29T18:10:37+09:00,99093,2112000,1,93625,1122000000,0
2025-09-29T18:10:47+09:00,99000,2112000,1,93718,1122000000,0
2025-09-29T18:10:58+09:00,99093,2112000,1,93843,1122000000,0
2025-09-29T18:11:08+09:00,99093,2112000,1,93812,1122000000,0
2025-09-29T18:11:18+09:00,99218,2112000,1,93562,1122000000,0
2025-09-29T18:11:28+09:00,99031,2112000,1,93593,1122000000,0
2025-09-29T18:11:38+09:00,99062,2112000,1,93687,1122000000,0
2025-09-29T18:11:48+09:00,99437,2112000,1,93687,1122000000,0
2025-09-29T18:11:58+09:00,98718,1958400,1,93312,918000000,0
2025-09-29T18:12:08+09:00,98656,2035200,1,93375,1020000000,0
2025-09-29T18:12:18+09:00,99000,2035200,1,93625,1020000000,0
2025-09-29T18:12:28+09:00,98968,2035200,0,93156,918000000,0
2025-09-29T18:12:38+09:00,98593,2035200,1,93375,1020000000,0
2025-09-29T18:12:48+09:00,98937,2112000,0,93437,1122000000,0
2025-09-29T18:12:58+09:00,98656,2035200,1,93562,1020000000,0
2025-09-29T18:13:08+09:00,98656,2112000,0,93656,1122000000,0
2025-09-29T18:13:18+09:00,98781,2035200,1,93343,1020000000,0
2025-09-29T18:13:28+09:00,98843,2035200,1,93500,1020000000,0
2025-09-29T18:13:38+09:00,98968,2112000,0,93687,1122000000,0
2025-09-29T18:13:48+09:00,98562,2035200,1,93312,1020000000,0
2025-09-29T18:13:58+09:00,98937,2112000,0,93593,1020000000,0
2025-09-29T18:14:08+09:00,96687,729600,0,93718,1300500000,0
2025-09-29T18:14:18+09:00,96531,1420800,0,93625,1300500000,0
2025-09-29T18:14:28+09:00,96625,729600,0,93562,1300500000,0
2025-09-29T18:14:38+09:00,96687,729600,0,93531,1300500000,0
2025-09-29T18:14:48+09:00,96312,729600,0,93437,1300500000,0
2025-09-29T18:14:58+09:00,96375,1420800,0,93187,1300500000,0
2025-09-29T18:15:08+09:00,96343,1420800,0,93343,1300500000,0
2025-09-29T18:15:18+09:00,96218,1420800,0,93218,1300500000,0
2025-09-29T18:15:28+09:00,96375,729600,0,93312,1300500000,0
2025-09-29T18:15:38+09:00,96406,729600,0,93281,1300500000,0
2025-09-29T18:15:48+09:00,96437,1420800,0,93218,1300500000,0
2025-09-29T18:15:58+09:00,96125,1420800,0,93218,1300500000,0
2025-09-29T18:16:08+09:00,96156,975000,0,93156,1300500000,0
2025-09-29T18:16:18+09:00,96062,729600,0,93125,1300500000,0
2025-09-29T18:16:28+09:00,96250,1420800,0,93031,1300500000,0
2025-09-29T18:16:38+09:00,96031,1420800,0,93062,1300500000,0
2025-09-29T18:16:48+09:00,96000,729600,0,92968,1300500000,0
2025-09-29T18:16:58+09:00,95937,729600,0,93031,1300500000,0
2025-09-29T18:17:08+09:00,96250,729600,0,92937,1300500000,0
2025-09-29T18:17:18+09:00,95406,1420800,0,91093,306000000,0
2025-09-29T18:17:28+09:00,95125,2201600,0,91031,306000000,0
2025-09-29T18:17:38+09:00,94968,1420800,0,90968,306000000,0
2025-09-29T18:17:48+09:00,94968,1420800,0,90593,306000000,0
2025-09-29T18:17:58+09:00,95625,2201600,0,90656,306000000,0
2025-09-29T18:18:08+09:00,95031,1420800,0,91843,1300500000,0
2025-09-29T18:18:18+09:00,95281,1420800,0,92375,1300500000,0
2025-09-29T18:18:28+09:00,95375,1420800,0,92500,1300500000,0
2025-09-29T18:18:38+09:00,95531,1420800,0,92218,1300500000,0
2025-09-29T18:18:48+09:00,95343,1420800,0,92250,1300500000,0
2025-09-29T18:18:58+09:00,95406,729600,0,92218,1300500000,0
2025-09-29T18:19:08+09:00,95468,729600,0,92250,1300500000,0
2025-09-29T18:19:18+09:00,95437,1420800,0,92125,1300500000,0
2025-09-29T18:19:28+09:00,95500,729600,0,92406,1300500000,0
2025-09-29T18:19:38+09:00,95593,729600,0,92375,1300500000,0
2025-09-29T18:19:48+09:00,95593,729600,0,92343,1300500000,0
2025-09-29T18:19:58+09:00,95312,1420800,0,92125,1300500000,0
2025-09-29T18:20:08+09:00,95406,729600,0,92062,1300500000,0
2025-09-29T18:20:18+09:00,95468,729600,0,92281,1300500000,0
2025-09-29T18:20:28+09:00,95531,1420800,0,92312,1300500000,0
2025-09-29T18:20:38+09:00,95281,1420800,0,92031,1300500000,0
2025-09-29T18:20:48+09:00,95406,1420800,0,91906,1300500000,0
2025-09-29T18:20:58+09:00,95406,1420800,0,92187,1300500000,0
2025-09-29T18:21:08+09:00,95187,729600,0,92062,1300500000,0
2025-09-29T18:21:18+09:00,95312,1420800,0,92093,1300500000,0
2025-09-29T18:21:28+09:00,95312,1420800,0,92031,1300500000,0
2025-09-29T18:21:38+09:00,95375,1420800,0,91937,1300500000,0
2025-09-29T18:21:48+09:00,95093,1420800,0,91781,1300500000,0
2025-09-29T18:21:58+09:00,95093,1420800,0,91812,1300500000,0
2025-09-29T18:22:08+09:00,95031,1420800,0,91843,1300500000,0
2025-09-29T18:22:18+09:00,95750,1420800,0,90625,306000000,0
2025-09-29T18:22:28+09:00,94375,729600,0,90187,306000000,0
2025-09-29T18:22:38+09:00,94750,1420800,0,90125,306000000,0
2025-09-29T18:22:49+09:00,96437,1420800,0,96593,1300500000,0
2025-09-29T18:22:59+09:00,97843,729600,0,97875,1300500000,0
2025-09-29T18:23:09+09:00,98250,1420800,0,98312,1300500000,0
2025-09-29T18:23:19+09:00,98843,1420800,0,98812,1300500000,0
2025-09-29T18:23:29+09:00,98968,1420800,0,98031,1122000000,0
2025-09-29T18:23:39+09:00,98750,1420800,0,98000,1224000000,0
2025-09-29T18:23:49+09:00,98968,1420800,0,98031,1122000000,0
2025-09-29T18:23:59+09:00,99000,1420800,1,97968,1122000000,0
2025-09-29T18:24:09+09:00,99125,729600,1,98125,1122000000,0
2025-09-29T18:24:19+09:00,98937,729600,0,97343,1020000000,0
2025-09-29T18:24:29+09:00,99000,1420800,1,97218,1020000000,0
2025-09-29T18:24:39+09:00,98968,1420800,0,97437,1020000000,0
2025-09-29T18:24:49+09:00,99125,729600,1,97500,1020000000,0
2025-09-29T18:24:59+09:00,98968,1420800,1,97531,1020000000,0
2025-09-29T18:25:09+09:00,98906,729600,0,97281,918000000,0
2025-09-29T18:25:19+09:00,99062,1420800,1,96906,918000000,0
2025-09-29T18:25:29+09:00,99031,1420800,1,96781,918000000,0
2025-09-29T18:25:39+09:00,99093,729600,1,97437,918000000,0
2025-09-29T18:25:49+09:00,99187,1420800,1,97343,918000000,0
2025-09-29T18:25:59+09:00,99187,1420800,1,96500,816000000,0
2025-09-29T18:26:09+09:00,98937,729600,0,96781,816000000,0
2025-09-29T18:26:19+09:00,98968,1420800,0,96781,816000000,0
2025-09-29T18:26:29+09:00,98968,729600,0,96781,816000000,0
2025-09-29T18:26:39+09:00,99062,729600,1,96843,816000000,0
2025-09-29T18:26:49+09:00,99156,729600,1,96968,816000000,0
2025-09-29T18:26:59+09:00,99250,729600,1,96875,816000000,0
2025-09-29T18:27:09+09:00,99156,1420800,1,96343,714000000,0
2025-09-29T18:27:19+09:00,99000,729600,1,96218,714000000,0
2025-09-29T18:27:29+09:00,98937,1651200,1,96093,714000000,0
2025-09-29T18:27:39+09:00,98968,1574400,1,96000,714000000,0
2025-09-29T18:27:49+09:00,99000,729600,1,96062,714000000,0
2025-09-29T18:27:59+09:00,98968,1420800,0,96125,714000000,0
2025-09-29T18:28:09+09:00,98875,729600,0,96250,714000000,0
2025-09-29T18:28:19+09:00,99187,729600,0,96125,714000000,0
2025-09-29T18:28:29+09:00,99218,729600,1,96250,714000000,0
2025-09-29T18:28:39+09:00,99031,1497600,1,96375,714000000,0
2025-09-29T18:28:49+09:00,99031,1420800,1,96250,714000000,0
2025-09-29T18:28:59+09:00,99031,729600,1,96187,714000000,0
2025-09-29T18:29:09+09:00,99093,1420800,1,96281,714000000,0
2025-09-29T18:29:19+09:00,97687,729600,0,93750,306000000,0
2025-09-29T18:29:29+09:00,97343,729600,0,93000,306000000,0
2025-09-29T18:29:39+09:00,97187,1497600,0,92750,306000000,0
2025-09-29T18:29:49+09:00,96906,1420800,0,92750,306000000,0
2025-09-29T18:29:59+09:00,96812,1420800,0,92343,306000000,0
2025-09-29T18:30:09+09:00,96687,729600,0,92343,306000000,0
2025-09-29T18:30:19+09:00,96468,1278000,0,92312,306000000,0
2025-09-29T18:30:29+09:00,96531,1420800,0,92125,306000000,0
2025-09-29T18:30:39+09:00,96281,1420800,0,91875,306000000,0
2025-09-29T18:30:49+09:00,96343,951000,0,92000,306000000,0
2025-09-29T18:30:59+09:00,96125,1420800,0,91843,306000000,0
2025-09-29T18:31:09+09:00,96031,1420800,0,91937,306000000,0
2025-09-29T18:31:19+09:00,96125,729600,0,91937,306000000,0
2025-09-29T18:31:29+09:00,95968,1267000,0,91375,306000000,0
2025-09-29T18:31:39+09:00,95875,729600,0,91312,306000000,0
2025-09-29T18:31:49+09:00,95656,1420800,0,91437,306000000,0
2025-09-29T18:31:59+09:00,97125,2201600,0,91937,816000000,0
2025-09-29T18:32:09+09:00,97125,1574400,0,92187,816000000,0
2025-09-29T18:32:19+09:00,98718,1574400,0,92906,1224000000,0
2025-09-29T18:32:29+09:00,98343,2201600,0,92968,1300500000,0
2025-09-29T18:32:39+09:00,98031,1420800,0,93156,1300500000,0
2025-09-29T18:32:49+09:00,97375,2201600,0,92625,918000000,0
2025-09-29T18:33:00+09:00,95718,2201600,0,91375,306000000,0
2025-09-29T18:33:10+09:00,95437,1497600,0,91031,306000000,0
2025-09-29T18:33:20+09:00,95281,1257000,0,91031,306000000,0
2025-09-29T18:33:30+09:00,95281,729600,0,90843,306000000,0
2025-09-29T18:33:40+09:00,95062,1420800,0,90875,306000000,0
2025-09-29T18:33:50+09:00,95000,1110000,0,90812,306000000,0
2025-09-29T18:34:00+09:00,94812,993000,0,90718,306000000,0
2025-09-29T18:34:10+09:00,94812,1420800,0,90718,306000000,0
2025-09-29T18:34:20+09:00,94718,1420800,0,90406,306000000,0
2025-09-29T18:34:30+09:00,94781,729600,0,90500,306000000,0
2025-09-29T18:34:40+09:00,94343,729600,0,90406,306000000,0
2025-09-29T18:34:50+09:00,94437,729600,0,90281,306000000,0
2025-09-29T18:35:00+09:00,94500,1420800,0,90187,306000000,0
2025-09-29T18:35:10+09:00,94250,729600,0,90093,306000000,0
2025-09-29T18:35:20+09:00,94531,1420800,0,90031,306000000,0
2025-09-29T18:35:30+09:00,94250,729600,0,89843,306000000,0
2025-09-29T18:35:40+09:00,94062,1420800,0,89687,306000000,0
2025-09-29T18:35:50+09:00,94000,1420800,0,89750,306000000,0
2025-09-29T18:36:00+09:00,93968,1420800,0,89500,306000000,0
2025-09-29T18:36:10+09:00,93625,1497600,0,89500,306000000,0
2025-09-29T18:36:20+09:00,93562,729600,0,89218,306000000,0
2025-09-29T18:36:30+09:00,93468,729600,0,89312,306000000,0
2025-09-29T18:36:40+09:00,92968,729600,0,88531,306000000,0
2025-09-29T18:36:50+09:00,92031,1420800,0,87750,306000000,0
2025-09-29T18:37:00+09:00,91000,729600,0,87031,306000000,0
2025-09-29T18:37:10+09:00,89875,1420800,0,85843,306000000,0
2025-09-29T18:37:20+09:00,88781,729600,0,84656,306000000,0
2025-09-29T18:37:30+09:00,87406,729600,0,83375,306000000,0
2025-09-29T18:37:40+09:00,86468,1420800,0,82093,306000000,0
2025-09-29T18:37:50+09:00,85156,1420800,0,80812,306000000,0
2025-09-29T18:38:00+09:00,83906,1420800,0,80125,306000000,0
2025-09-29T18:38:10+09:00,82781,729600,0,78968,306000000,0
2025-09-29T18:38:20+09:00,81593,1420800,0,77562,306000000,0
2025-09-29T18:38:30+09:00,80437,1420800,0,76281,306000000,0
2025-09-29T18:38:40+09:00,79500,729600,0,NA,306000000,0
2025-09-29T18:38:50+09:00,78312,1420800,0,74187,306000000,0
2025-09-29T18:39:00+09:00,77218,1420800,0,73031,306000000,0
2025-09-29T18:39:10+09:00,76250,1241000,0,NA,306000000,0
2025-09-29T18:39:20+09:00,75375,1420800,0,NA,306000000,0
2025-09-29T18:39:30+09:00,74562,729600,0,NA,306000000,0
2025-09-29T18:39:41+09:00,73500,1420800,0,NA,306000000,0
2025-09-29T18:39:51+09:00,72562,1420800,0,NA,306000000,0
2025-09-29T18:40:01+09:00,71687,1420800,0,NA,306000000,0
2025-09-29T18:40:11+09:00,70750,729600,0,NA,306000000,0
2025-09-29T18:40:21+09:00,70187,729600,0,65937,1300500000,0
2025-09-29T18:40:31+09:00,69062,1420800,0,NA,306000000,0
2025-09-29T18:40:41+09:00,68187,1420800,0,NA,306000000,0
2025-09-29T18:40:51+09:00,67531,1420800,0,NA,306000000,0
2025-09-29T18:41:01+09:00,66593,1420800,0,NA,306000000,0
2025-09-29T18:41:11+09:00,66000,1128000,0,NA,306000000,0
2025-09-29T18:41:21+09:00,65156,1420800,0,NA,306000000,0
2025-09-29T18:41:31+09:00,64562,1420800,0,NA,306000000,0
2025-09-29T18:41:41+09:00,63718,1420800,0,NA,306000000,0
2025-09-29T18:41:51+09:00,63218,1420800,0,NA,306000000,0
2025-09-29T18:42:01+09:00,62468,1420800,0,NA,306000000,0
2025-09-29T18:42:11+09:00,61812,1420800,0,NA,306000000,0
2025-09-29T18:42:21+09:00,61156,1420800,0,NA,306000000,0
2025-09-29T18:42:31+09:00,60687,1420800,0,NA,306000000,0
2025-09-29T18:42:41+09:00,60281,1420800,0,NA,306000000,0
2025-09-29T18:42:51+09:00,59750,729600,0,NA,306000000,0
2025-09-29T18:43:01+09:00,58937,1420800,0,NA,306000000,0
2025-09-29T18:43:11+09:00,58625,1420800,0,NA,306000000,0
2025-09-29T18:43:21+09:00,57875,1420800,0,NA,306000000,0
2025-09-29T18:43:32+09:00,57343,1420800,0,NA,306000000,0
2025-09-29T18:43:42+09:00,57093,1420800,0,NA,306000000,0
2025-09-29T18:43:52+09:00,56312,1420800,0,NA,306000000,0
2025-09-29T18:44:02+09:00,56062,1420800,0,NA,306000000,0
2025-09-29T18:44:12+09:00,55687,1420800,0,NA,306000000,0
2025-09-29T18:44:22+09:00,54937,1420800,0,NA,306000000,0
2025-09-29T18:44:32+09:00,54750,1420800,0,NA,306000000,0
2025-09-29T18:44:42+09:00,54468,729600,0,NA,306000000,0
2025-09-29T18:44:52+09:00,53812,1420800,0,NA,306000000,0
2025-09-29T18:45:02+09:00,53593,729600,0,NA,306000000,0
2025-09-29T18:45:12+09:00,52906,1420800,0,NA,306000000,0
2025-09-29T18:45:22+09:00,52687,729600,0,NA,306000000,0
2025-09-29T18:45:32+09:00,52250,1420800,0,NA,306000000,0
2025-09-29T18:45:42+09:00,52093,1420800,0,NA,306000000,0
2025-09-29T18:45:52+09:00,51718,1420800,0,NA,306000000,0
2025-09-29T18:46:02+09:00,51187,1420800,0,NA,306000000,0
2025-09-29T18:46:12+09:00,50875,1420800,0,NA,306000000,0
2025-09-29T18:46:22+09:00,50500,1420800,0,NA,306000000,0
2025-09-29T18:46:32+09:00,50125,1420800,0,NA,306000000,0
2025-09-29T18:46:42+09:00,49843,1420800,0,NA,306000000,0
2025-09-29T18:46:53+09:00,49593,1420800,0,NA,306000000,0
2025-09-29T18:47:03+09:00,49406,1420800,0,NA,306000000,0
2025-09-29T18:47:13+09:00,49156,1420800,0,NA,306000000,0
2025-09-29T18:47:23+09:00,48687,1420800,0,NA,306000000,0
2025-09-29T18:47:33+09:00,48375,1420800,0,NA,306000000,0
2025-09-29T18:47:43+09:00,48187,1420800,0,NA,306000000,0
2025-09-29T18:47:53+09:00,47968,1420800,0,NA,306000000,0
2025-09-29T18:48:03+09:00,47812,1420800,0,NA,306000000,0
2025-09-29T18:48:13+09:00,47656,1420800,0,NA,306000000,0
2025-09-29T18:48:23+09:00,47125,1420800,0,NA,306000000,0
2025-09-29T18:48:33+09:00,47187,729600,0,NA,306000000,0
2025-09-29T18:48:43+09:00,46718,1420800,0,NA,306000000,0
2025-09-29T18:48:53+09:00,46562,1420800,0,NA,306000000,0
2025-09-29T18:49:03+09:00,46500,1136000,0,NA,306000000,0
2025-09-29T18:49:13+09:00,46281,1420800,0,NA,306000000,0
2025-09-29T18:49:23+09:00,46218,1420800,0,NA,306000000,0
2025-09-29T18:49:33+09:00,45843,1420800,0,NA,306000000,0
2025-09-29T18:49:43+09:00,45562,1420800,0,NA,306000000,0
2025-09-29T18:49:53+09:00,45468,1420800,0,NA,306000000,0
2025-09-29T18:50:03+09:00,45500,1420800,0,NA,306000000,0
2025-09-29T18:50:13+09:00,45031,1420800,0,NA,306000000,0
2025-09-29T18:50:23+09:00,44812,1344000,0,NA,306000000,0
2025-09-29T18:50:33+09:00,44656,1420800,0,NA,306000000,0
2025-09-29T18:50:44+09:00,44625,1420800,0,NA,306000000,0
2025-09-29T18:50:54+09:00,44562,1420800,0,NA,306000000,0
2025-09-29T18:51:04+09:00,44500,1420800,0,NA,306000000,0
2025-09-29T18:51:14+09:00,44375,1420800,0,NA,306000000,0
2025-09-29T18:51:24+09:00,43906,1420800,0,NA,306000000,0
2025-09-29T18:51:34+09:00,43906,1420800,0,NA,306000000,0
2025-09-29T18:51:44+09:00,43781,1420800,0,NA,306000000,0
2025-09-29T18:51:54+09:00,43562,1420800,0,NA,306000000,0
2025-09-29T18:52:04+09:00,43375,1420800,0,NA,306000000,0
2025-09-29T18:52:14+09:00,43437,1420800,0,NA,306000000,0
2025-09-29T18:52:24+09:00,43406,729600,0,NA,306000000,0
2025-09-29T18:52:34+09:00,42968,1420800,0,NA,306000000,0
2025-09-29T18:52:44+09:00,43187,1420800,0,NA,306000000,0
2025-09-29T18:52:54+09:00,42937,1420800,0,NA,306000000,0
2025-09-29T18:53:04+09:00,42812,1420800,0,NA,306000000,0
2025-09-29T18:53:14+09:00,42656,1420800,0,NA,306000000,0
2025-09-29T18:53:24+09:00,42562,1420800,0,NA,306000000,0
2025-09-29T18:53:34+09:00,42375,729600,0,NA,306000000,0
2025-09-29T18:53:44+09:00,42375,1420800,0,NA,306000000,0
2025-09-29T18:53:54+09:00,42218,1420800,0,NA,306000000,0
2025-09-29T18:54:04+09:00,42062,1420800,0,NA,306000000,0
2025-09-29T18:54:14+09:00,42125,1420800,0,NA,306000000,0
2025-09-29T18:54:24+09:00,41937,1190000,0,NA,306000000,0
2025-09-29T18:54:34+09:00,42031,1420800,0,NA,306000000,0
2025-09-29T18:54:44+09:00,41906,1420800,0,NA,306000000,0
2025-09-29T18:54:54+09:00,41750,1420800,0,NA,306000000,0
2025-09-29T18:55:05+09:00,41906,1420800,0,NA,306000000,0
2025-09-29T18:55:15+09:00,41781,1420800,0,NA,306000000,0
2025-09-29T18:55:25+09:00,41406,1420800,0,NA,306000000,0
2025-09-29T18:55:35+09:00,41781,729600,0,NA,306000000,0
2025-09-29T18:55:45+09:00,41656,729600,0,37250,306000000,0
2025-09-29T18:55:55+09:00,41468,729600,0,37281,306000000,0
2025-09-29T18:56:05+09:00,41656,729600,0,37281,306000000,0
2025-09-29T18:56:15+09:00,41656,729600,0,37093,306000000,0
2025-09-29T18:56:25+09:00,41468,2201600,0,37375,306000000,0
2025-09-29T18:56:35+09:00,41437,1420800,0,37437,306000000,0
2025-09-29T18:56:45+09:00,41281,1097000,0,37093,306000000,0
